{"initial_reset_timestamp": 1631346824.8059623, "timestamps": [1631346828.2728586, 1631346828.4045043, 1631346828.8134096, 1631346829.1764412, 1631346829.5504382, 1631346829.8995044, 1631346830.2425869, 1631346833.0163481, 1631346833.3574374, 1631346833.6965282, 1631346834.0525434, 1631346834.4116158, 1631346834.74971, 1631346837.9742715, 1631346839.6794484, 1631346841.3728075, 1631346843.062725, 1631346844.794375, 1631346846.4619126, 1631346848.1751602, 1631346852.3871553, 1631346854.075183, 1631346855.7677548, 1631346857.472588, 1631346859.1842647, 1631346860.885431, 1631346862.5756533, 1631346866.792715, 1631346868.47689, 1631346870.1853185, 1631346871.8796446, 1631346873.5728636, 1631346875.2908504, 1631346879.4036925, 1631346881.0883968, 1631346882.7675414, 1631346884.5281177, 1631346886.3612125, 1631346888.1114998, 1631346889.9340105, 1631346894.483013, 1631346896.245803, 1631346898.2759206, 1631346900.1510003, 1631346901.9854152, 1631346903.820076, 1631346905.7047727, 1631346910.2086725, 1631346911.964261, 1631346913.8280733, 1631346915.5931966, 1631346917.412329, 1631346919.2055442, 1631346924.1136444, 1631346926.1528478, 1631346927.9809904, 1631346929.8509874, 1631346931.6657348, 1631346933.4831188, 1631346935.3644335, 1631346940.492733, 1631346942.2470381, 1631346943.9812326, 1631346945.7818499, 1631346947.364818, 1631346949.1645842, 1631346950.8600473, 1631346954.967371, 1631346956.689949, 1631346958.390169, 1631346960.1147785, 1631346961.83717, 1631346963.5434387, 1631346968.0108676, 1631346969.5469398, 1631346971.258602, 1631346972.9331212, 1631346974.6234477, 1631346976.4795494, 1631346978.1801755, 1631346982.400657, 1631346984.109572, 1631346985.814522, 1631346987.5399055, 1631346989.233311, 1631346990.947149, 1631346992.6325946, 1631346996.7832928, 1631346998.4956474, 1631347000.2454195, 1631347002.000514, 1631347003.7565176, 1631347005.4631603, 1631347010.034224, 1631347011.588638, 1631347013.4346197, 1631347015.3214808, 1631347017.1099358, 1631347019.0703585, 1631347020.8299925, 1631347025.5637841, 1631347027.4155338, 1631347029.3376093, 1631347031.0904086, 1631347032.9246254, 1631347034.7688732, 1631347036.4987683, 1631347041.2011, 1631347042.935352, 1631347043.7172601, 1631347045.4693217, 1631347046.8088884, 1631347048.5102284, 1631347050.2157013, 1631347054.8099442, 1631347056.5710666, 1631347058.3122797, 1631347060.0449944, 1631347061.8049088, 1631347063.579456, 1631347065.4242215, 1631347070.1719246, 1631347071.8692677, 1631347073.6564584, 1631347075.4267807, 1631347077.2239857, 1631347079.0382402, 1631347080.7376208, 1631347085.7724118, 1631347087.5229125, 1631347089.2557416, 1631347090.9465635, 1631347092.6471038, 1631347094.3670955, 1631347100.6352046, 1631347102.331669, 1631347104.0440748, 1631347105.6179678, 1631347107.3080125, 1631347109.0087938, 1631347110.7303047, 1631347116.3965225, 1631347118.153847, 1631347119.8614643, 1631347121.863852, 1631347123.5559905, 1631347125.3047807, 1631347126.999711, 1631347133.0350692, 1631347134.8017936, 1631347136.662912, 1631347138.462979, 1631347140.2718627, 1631347141.9987054, 1631347143.7500577, 1631347149.3930757, 1631347151.1608198, 1631347152.91383, 1631347154.7247365, 1631347156.572135, 1631347158.271038, 1631347164.4754858, 1631347166.3001878, 1631347168.0519352, 1631347169.8804283, 1631347171.644175, 1631347173.4986393, 1631347175.2410915, 1631347179.9311454, 1631347181.7790732, 1631347183.5489588, 1631347185.2826772, 1631347187.0724077, 1631347188.8720644, 1631347190.6118066, 1631347196.4587348, 1631347198.1772828, 1631347199.9186497, 1631347201.63609, 1631347203.3670948, 1631347205.094948, 1631347211.1261022, 1631347212.9874275, 1631347214.929912, 1631347216.9545188, 1631347218.6702437, 1631347220.4946363, 1631347222.3158514, 1631347228.4085867, 1631347230.1886988, 1631347231.940845, 1631347233.792858, 1631347235.663029, 1631347237.59409, 1631347239.5727684, 1631347244.501578, 1631347246.611933, 1631347248.5627117, 1631347250.3899052, 1631347252.114053, 1631347254.1436217, 1631347258.6478739, 1631347260.5150547, 1631347262.5547864, 1631347264.4956095, 1631347266.382007, 1631347268.2166963, 1631347269.9844258, 1631347274.8466022, 1631347276.7948663, 1631347278.8815298, 1631347280.845556, 1631347282.8239841, 1631347284.7740045, 1631347286.286456, 1631347291.3051193, 1631347293.0493805, 1631347294.8286774, 1631347296.5484657, 1631347298.2380035, 1631347299.9755912, 1631347304.2955816, 1631347306.0035782, 1631347307.6917381, 1631347309.3831754, 1631347311.058163, 1631347312.7408493, 1631347314.4355974, 1631347320.0135074, 1631347321.726548, 1631347323.4605536, 1631347325.1681268, 1631347326.877526, 1631347328.5678313, 1631347330.2612994, 1631347334.3859842, 1631347336.073492, 1631347337.7842758, 1631347339.7334182, 1631347341.596544, 1631347343.6263385, 1631347348.179557, 1631347349.9478688, 1631347351.6653268, 1631347353.3395774, 1631347355.0520627, 1631347356.7726882, 1631347358.4825926, 1631347362.5568745, 1631347364.2525568, 1631347365.9710658, 1631347367.6899273, 1631347369.3846815, 1631347371.099922, 1631347372.8343754, 1631347377.2395873, 1631347378.943119, 1631347380.6425717, 1631347382.3235931, 1631347384.0545979, 1631347385.726437, 1631347389.851802, 1631347391.5680854, 1631347393.2597687, 1631347394.9448981, 1631347396.6607115, 1631347398.3697274, 1631347400.067209, 1631347404.136383, 1631347405.8375294, 1631347407.5546699, 1631347409.2511053, 1631347410.9375923, 1631347412.6448383, 1631347414.3552299, 1631347418.5708277, 1631347420.266911, 1631347421.9713721, 1631347423.6379125, 1631347425.336916, 1631347427.0587537, 1631347431.141005, 1631347432.8316958, 1631347434.5334563, 1631347436.2389688, 1631347438.0571136, 1631347439.7853637, 1631347441.4548595, 1631347445.7927225, 1631347447.4998198, 1631347449.2014208, 1631347450.890154, 1631347452.5938551, 1631347454.2860613, 1631347456.0094497, 1631347460.089579, 1631347461.786555, 1631347463.5108063, 1631347465.24416, 1631347466.9580114, 1631347468.6685739, 1631347472.9277768, 1631347474.640046, 1631347476.3591857, 1631347478.0689867, 1631347479.7404208, 1631347481.453283, 1631347483.1408062, 1631347487.2485833, 1631347488.9364398, 1631347490.6299784, 1631347492.307738, 1631347494.0036871, 1631347495.6729105, 1631347497.3613677, 1631347501.4794595, 1631347503.1841838, 1631347504.9022112, 1631347506.5926619, 1631347508.290965, 1631347509.9791265, 1631347514.0437417, 1631347515.767529, 1631347517.4754763, 1631347519.18393, 1631347520.8953028, 1631347522.5743992, 1631347524.2624302, 1631347528.436886, 1631347530.1313515, 1631347531.8090775, 1631347533.4903197, 1631347535.2060595, 1631347536.8977761, 1631347538.5992029],