{"initial_reset_timestamp": 1631346826.2386458, "timestamps": [1631346826.7273371, 1631346826.9916306, 1631346827.2289953, 1631346827.4724662, 1631346827.715815, 1631346827.9581666, 1631346828.1955316, 1631346831.321996, 1631346831.5563664, 1631346831.794729, 1631346832.0291018, 1631346832.2714553, 1631346832.5098147, 1631346832.7511716, 1631346835.982437, 1631346836.2078335, 1631346836.4611557, 1631346836.7035072, 1631346836.943864, 1631346837.1812289, 1631346837.4335535, 1631346849.8140998, 1631346850.0734062, 1631346850.3197463, 1631346850.5690796, 1631346850.8233988, 1631346851.0717354, 1631346851.3270512, 1631346863.673311, 1631346863.9216492, 1631346864.1709802, 1631346864.4233088, 1631346864.6716065, 1631346864.9259717, 1631346865.175291, 1631346877.4598088, 1631346877.6872005, 1631346877.9345386, 1631346878.1779184, 1631346878.4082706, 1631346878.6526425, 1631346878.8830004, 1631346891.810473, 1631346892.060801, 1631346892.305147, 1631346892.5574718, 1631346892.7928421, 1631346893.0790763, 1631346893.3513477, 1631346906.897582, 1631346907.1538947, 1631346907.41719, 1631346907.6735044, 1631346907.9537544, 1631346908.213061, 1631346908.4813433, 1631346921.3330238, 1631346921.5654006, 1631346921.7708504, 1631346921.9034972, 1631346922.0770328, 1631346922.3064535, 1631346922.4650247, 1631346922.6475067, 1631346922.8320112, 1631346923.039489, 1631346923.1661527, 1631346923.3137226, 1631346923.5730295, 1631346937.1907604, 1631346937.4500818, 1631346937.703426, 1631346937.9597335, 1631346938.2110624, 1631346938.4703686, 1631346939.351334, 1631346952.1599095, 1631346952.3957307, 1631346952.626114, 1631346952.8535058, 1631346953.096854, 1631346953.3809376, 1631346953.6163077, 1631346965.9675689, 1631346966.217924, 1631346966.4502773, 1631346966.6118448, 1631346966.768427, 1631346966.9389696, 1631346967.1863077, 1631346967.401731, 1631346967.6011977, 1631346967.7218742, 1631346980.284884, 1631346980.5451567, 1631346980.8134751, 1631346981.0697846, 1631346981.3231075, 1631346981.5754328, 1631346981.8287437, 1631346994.1891594, 1631346994.4305139, 1631346994.6638892, 1631346994.9102294, 1631346995.1525717, 1631346995.4038756, 1631346995.6681693, 1631347008.2488565, 1631347008.5810034, 1631347008.9420037, 1631347009.240205, 1631347009.4935262, 1631347009.744854, 1631347009.9971788, 1631347023.500985, 1631347023.6924753, 1631347023.9497838, 1631347024.1991167, 1631347024.4783688, 1631347024.7287245, 1631347024.9122083, 1631347025.282218, 1631347038.4453845, 1631347038.7016995, 1631347038.9630005, 1631347039.0916877, 1631347039.280185, 1631347039.536466, 1631347039.6920822, 1631347039.856643, 1631347040.1238937, 1631347040.3641982, 1631347052.8010733, 1631347053.0015373, 1631347053.1810565, 1631347053.3725672, 1631347053.5530653, 1631347053.7954125, 1631347053.9200978, 1631347054.172405, 1631347054.3858578, 1631347054.5244617, 1631347054.7229302, 1631347067.4986002, 1631347067.6621633, 1631347067.91349, 1631347068.1648176, 1631347068.4121556, 1631347068.5787103, 1631347068.7841938, 1631347069.0374827, 1631347069.19606, 1631347069.4912686, 1631347082.6245348, 1631347082.8210003, 1631347083.0124862, 1631347083.225911, 1631347083.4253812, 1631347083.6188607, 1631347083.7694228, 1631347083.9888356, 1631347084.158382, 1631347084.3598547, 1631347084.6072145, 1631347096.8310127, 1631347096.993578, 1631347097.1611288, 1631347097.2738268, 1631347097.4134545, 1631347097.557101, 1631347097.7366223, 1631347097.8652475, 1631347097.9938998, 1631347098.1325288, 1631347098.990666, 1631347099.1283023, 1631347099.23999, 1631347099.374637, 1631347099.4873364, 1631347099.624968, 1631347099.7576127, 1631347099.9002318, 1631347100.0158896, 1631347100.1326103, 1631347100.2472696, 1631347100.4367957, 1631347100.555478, 1631347112.856158, 1631347113.0286958, 1631347113.2012343, 1631347113.3418581, 1631347113.4864712, 1631347113.6021612, 1631347113.7148595, 1631347113.81958, 1631347113.9482355, 1631347114.0858672, 1631347114.237461, 1631347114.36313, 1631347114.486794, 1631347114.6244256, 1631347114.7381473, 1631347114.8676255, 1631347115.0072517, 1631347115.146878, 1631347115.2735393, 1631347115.402195, 1631347115.5168881, 1631347115.6884298, 1631347115.811101, 1631347115.9367642, 1631347128.554849, 1631347128.7084386, 1631347128.8659823, 1631347129.031574, 1631347129.1492524, 1631347129.2838643, 1631347129.42851, 1631347129.5811026, 1631347129.694798, 1631347129.8084598, 1631347129.918167, 1631347130.051844, 1631347130.1605194, 1631347130.2712224, 1631347130.3988807, 1631347130.519583, 1631347130.6821241, 1631347130.8317218, 1631347130.9673953, 1631347131.102032, 1631347131.2735722, 1631347131.3812513, 1631347131.519914, 1631347131.6425536, 1631347131.7622318, 1631347131.891909, 1631347132.0325103, 1631347144.8641539, 1631347145.0127556, 1631347145.171327, 1631347145.3228908, 1631347145.4336262, 1631347145.5812316, 1631347145.69593, 1631347145.8335567, 1631347145.979172, 1631347146.0988464, 1631347146.2424283, 1631347146.372114, 1631347146.8334801, 1631347146.9531345, 1631347147.181549, 1631347147.3041956, 1631347147.443822, 1631347147.5954158, 1631347147.7589784, 1631347160.5475461, 1631347160.668223, 1631347160.8178217, 1631347160.943485, 1631347161.1399605, 1631347161.2765949, 1631347161.3972723, 1631347161.5256486, 1631347161.6423366, 1631347161.7620175, 1631347161.897653, 1631347162.0253117, 1631347162.142001, 1631347162.251707, 1631347162.404299, 1631347162.534948, 1631347162.6586168, 1631347162.7703178, 1631347162.8750374, 1631347163.0116725, 1631347163.1433206, 1631347163.2450488, 1631347163.3567739, 1631347163.5203364, 1631347163.6300178, 1631347163.7287533, 1631347163.8404543, 1631347164.0030196, 1631347176.9751096, 1631347177.1536562, 1631347177.4219134, 1631347177.557585, 1631347177.7480743, 1631347178.0013964, 1631347178.1569803, 1631347178.3624377, 1631347178.5588715, 1631347178.7324426, 1631347178.8959703, 1631347191.6699753, 1631347191.814589, 1631347191.951223, 1631347192.0888548, 1631347192.2324693, 1631347192.367109, 1631347192.536656, 1631347192.6553378, 1631347192.777039, 1631347192.9146442, 1631347193.040308, 1631347193.2587237, 1631347193.3614488, 1631347193.5290003, 1631347193.6496778, 1631347193.8082533, 1631347193.9408984, 1631347194.0695534, 1631347194.2171583, 1631347194.3527951, 1631347194.524363, 1631347194.6340435, 1631347194.7507315, 1631347194.8574455, 1631347207.2907577, 1631347207.408443, 1631347207.5191467, 1631347207.6458075, 1631347207.775461, 1631347207.8941429, 1631347208.0188096, 1631347208.1544468, 1631347208.2551765, 1631347208.4007874, 1631347208.510493, 1631347208.617208, 1631347208.7737894, 1631347208.8864877, 1631347209.004199, 1631347209.1826954, 1631347209.3458638, 1631347209.4675386, 1631347209.5782423, 1631347209.7068982, 1631347209.8644772, 1631347210.0300333, 1631347210.2075586, 1631347210.3471854, 1631347210.4987807, 1631347210.6573563, 1631347224.1286483, 1631347224.2632918, 1631347224.418872, 1631347224.5525143, 1631347224.696157, 1631347224.8576975, 1631347224.9763799, 1631347225.134956, 1631347225.3463912, 1631347225.490005, 1631347225.6854851, 1631347225.850042, 1631347225.9687617, 1631347226.1083522, 1631347226.2539625, 1631347226.4504354, 1631347226.5790908, 1631347226.7316825, 1631347226.8633304, 1631347227.0109696, 1631347227.1465733, 1631347227.328087, 1631347240.676814, 1631347240.8493521, 1631347241.0208929, 1631347241.2333534, 1631347241.4696927, 1631347241.6541991, 1631347241.8456864, 1631347242.077066, 1631347242.2745395, 1631347242.3882508, 1631347242.6565154, 1631347256.4656336, 1631347256.6541364, 1631347256.8885026, 1631347257.1468112, 1631347257.4300528, 1631347257.6823778, 1631347257.8120568, 1631347258.0174818, 1631347258.15611, 1631347271.6901782, 1631347271.8078632, 1631347272.0372493, 1631347272.2646441, 1631347272.4471521, 1631347272.6526024, 1631347272.8700275, 1631347273.1393037, 1631347273.3746712, 1631347273.4973435, 1631347273.6888301, 1631347287.9743981, 1631347288.1957667, 1631347288.461091, 