{"initial_reset_timestamp": 1631336098.0393064, "timestamps": [1631336102.542256, 1631336102.8274982, 1631336103.234404, 1631336103.6044137, 1631336103.9654477, 1631336104.3354893, 1631336107.4112628, 1631336107.7712955, 1631336108.0764465, 1631336108.4324937, 1631336108.8064933, 1631336109.1505723, 1631336109.4926572, 1631336113.1163008, 1631336115.072067, 1631336116.9789639, 1631336118.9024148, 1631336120.8213055, 1631336122.6483908, 1631336124.656047, 1631336130.4147675, 1631336132.380507, 1631336134.3671908, 1631336136.3653893, 1631336138.212443, 1631336140.091417, 1631336144.7369847, 1631336146.6887617, 1631336148.6255848, 1631336150.5983005, 1631336152.554069, 1631336154.4090984, 1631336156.3249917, 1631336160.7661078, 1631336162.7328448, 1631336164.7175345, 1631336166.696239, 1631336168.647019, 1631336170.5758579, 1631336172.52564, 1631336177.032031, 1631336178.9758296, 1631336180.9186308, 1631336182.8704078, 1631336184.8670895, 1631336186.7809439, 1631336191.771949, 1631336193.7147503, 1631336195.6745062, 1631336197.627281, 1631336199.565095, 1631336201.4798925, 1631336203.4489734, 1631336207.9808452, 1631336209.9595895, 1631336211.924326, 1631336214.2942624, 1631336216.1901898, 1631336218.2267408, 1631336220.2283838, 1631336224.76885, 1631336226.727609, 1631336228.6484692, 1631336230.6082249, 1631336232.5161192, 1631336234.5786002, 1631336239.1124332, 1631336241.0399983, 1631336242.9877865, 1631336244.9664915, 1631336246.8586223, 1631336248.577915, 1631336250.1878195, 1631336254.3337092, 1631336255.9608402, 1631336257.597461, 1631336259.3702893, 1631336260.9979086, 1631336262.598625, 1631336264.2791283, 1631336268.3598766, 1631336269.9515915, 1631336271.5742495, 1631336273.2501843, 1631336274.9327035, 1631336276.575589, 1631336280.588129, 1631336282.3344874, 1631336283.9591198, 1631336285.6565776, 1631336287.3094637, 1631336288.9550605, 1631336290.5886889, 1631336294.6897507, 1631336296.3263948, 1631336297.9619944, 1631336299.601607, 1631336301.213294, 1631336302.86288, 1631336304.51269, 1631336308.5863302, 1631336310.2020068, 1631336311.8870103, 1631336313.5079525, 1631336315.1849928, 1631336316.897965, 1631336320.8801003, 1631336322.53857, 1631336324.2120972, 1631336325.8754323, 1631336327.5359745, 1631336329.1606266, 1631336330.8102438, 1631336334.9556794, 1631336336.692134, 1631336338.318781, 1631336340.1308708, 1631336341.784576, 1631336343.4363132, 1631336345.1088371, 1631336348.6067455, 1631336350.2421846, 1631336351.8838155, 1631336353.545346, 1631336355.2152402, 1631336356.8897593, 1631336358.5124173, 1631336362.6658297, 1631336364.3406057, 1631336366.0616512, 1631336367.7495668, 1631336369.4041152, 1631336371.032783, 1631336375.0763228, 1631336376.7213984, 1631336378.3390696, 1631336379.9687088, 1631336381.577404, 1631336383.1811125, 1631336384.8366826, 1631336388.6630843, 1631336390.3078766, 1631336391.9395103, 1631336393.5558133, 1631336395.1924088, 1631336396.8426397, 1631336398.4749224, 1631336402.7001224, 1631336404.5325143, 1631336406.201937, 1631336407.8415773, 1631336409.488463, 1631336411.0951734, 1631336415.1783, 1631336416.8155236, 1631336418.4551363, 1631336420.0578735, 1631336421.9317567, 1631336423.541475, 1631336425.1926157, 1631336429.163098, 1631336430.7837615, 1631336432.4307635, 1631336434.0454414, 1631336435.7022371, 1631336437.3930347, 1631336439.0396287, 1631336442.9330542, 1631336444.5916405, 1631336446.2940838, 1631336447.933672, 1631336449.5932322, 1631336451.2605042, 1631336455.516864, 1631336457.2063951, 1631336458.9268324, 1631336460.6027522, 1631336462.5595455, 1631336464.4894054, 1631336466.280195, 1631336470.326879, 1631336472.0253344, 1631336473.6910594, 1631336475.388423, 1631336477.0760174, 1631336478.817925, 1631336480.4733582, 1631336484.6477108, 1631336486.3129025, 1631336487.9796083, 1631336489.622213, 1631336491.240905, 1631336492.8565578, 1631336496.9956698, 1631336498.710115, 1631336500.4016182, 1631336502.096084, 1631336503.752676, 1631336505.4451222, 1631336507.1086707, 1631336511.2466948, 1631336512.9431818, 1631336514.6136851, 1631336516.3106902, 1631336518.0696933, 1631336519.7348735, 1631336521.4438722, 1631336525.4267693, 1631336527.0925925, 1631336528.7515604, 1631336530.3946629, 1631336532.1035194, 1631336533.7441292, 1631336537.8265834, 1631336539.529067, 1631336541.1976018, 1631336542.8082917, 1631336544.4389284, 1631336546.1097443, 1631336547.782695, 1631336551.893212, 1631336553.5657368, 1631336555.299364, 1631336556.9499469, 1631336558.5742261, 1631336560.2983027, 1631336561.963588, 1631336566.0088916, 1631336567.3382998, 1631336568.9403846, 1631336570.557058, 1631336572.210224, 1631336573.8717773, 1631336575.4914432, 1631336579.618559, 1631336581.2521877, 1631336582.8888083, 1631336584.5683138, 1631336586.3365836, 1631336587.9702127, 1631336592.1123688, 1631336593.7766702, 1631336595.4182513, 1631336597.0169728, 1631336598.6565852, 1631336600.3111577, 1631336601.9778116, 1631336605.889316, 1631336607.5558295, 1631336609.1944442, 1631336610.8176425, 1631336612.4684787, 1631336614.0892556, 1631336615.7099192, 1631336619.8640325, 1631336621.4906368, 1631336623.1611667, 1631336624.8386781, 1631336626.4932501, 1631336628.799832, 1631336633.1509123, 1631336634.816708, 1631336636.4828963, 1631336638.177285, 1631336639.8336883, 1631336641.4812794, 1631336643.1389666, 1631336647.4580853, 1631336649.0611138, 1631336650.7037306, 1631336652.3745327, 1631336654.0534806, 1631336655.7130396, 1631336657.369607, 1631336661.3082678, 1631336662.9628136, 1631336664.617003, 1631336666.2865596, 1631336667.5351064, 1631336669.2056363, 1631336670.8702059, 1631336674.9680834, 1631336676.6434875, 1631336678.280108, 1631336679.9355848, 1631336681.5951438, 1631336683.2936015, 1631336687.9998746, 1631336689.6293168, 1631336691.2729185, 1631336692.9600189, 1631336694.024171, 1631336695.6697676, 1631336697.3404496, 1631336701.5572114, 1631336703.216933, 1631336704.875495, 1631336706.5235443, 1631336708.262365, 1631336709.886231, 1631336711.524416, 1631336715.4512422, 1631336717.1407213, 1631336718.7991295, 1631336720.4792242, 1631336722.5097904, 1631336725.0051136, 1631336727.083552, 1631336731.7999327, 1631336733.7267776, 1631336735.5579014, 1631336737.4458475, 1631336738.1368937, 1631336739.9560337, 1631336744.2974277, 1631336746.025544, 1631336747.757434, 1631336749.470825, 1631336751.1204107, 1631336752.7969368, 1631336754.437534, 1631336758.719118, 1631336760.3762076, 1631336762.042675, 1631336763.7191887, 1631336765.381766, 1631336767.0526917, 1631336768.8506973, 1631336772.9501038, 1631336774.6030824, 1631336776.2536657, 1631336777.8583715, 1631336779.70092, 1631336781.3536925],