{"initial_reset_timestamp": 1631336099.7527208, "timestamps": [1631336100.366081, 1631336100.7769797, 1631336101.1170695, 1631336101.4521747, 1631336101.820189, 1631336102.164267, 1631336102.4604766, 1631336105.7037952, 1631336105.9980087, 1631336106.2882333, 1631336106.5615003, 1631336106.8257933, 1631336107.0681446, 1631336107.3134882, 1631336110.8111289, 1631336111.0873897, 1631336111.3447013, 1631336111.6109884, 1631336111.8802679, 1631336112.1465554, 1631336112.3918989, 1631336127.387867, 1631336127.65216, 1631336127.9154556, 1631336128.181743, 1631336128.4550114, 1631336128.7332666, 1631336129.0105247, 1631336142.9677207, 1631336143.2309835, 1631336143.5062795, 1631336143.770572, 1631336144.0458288, 1631336144.309124, 1631336144.618304, 1631336158.5280964, 1631336158.7953813, 1631336159.032746, 1631336159.2750978, 1631336159.5284195, 1631336159.7777526, 1631336160.0260882, 1631336174.1956215, 1631336174.438971, 1631336174.6813211, 1631336174.9266865, 1631336175.1630332, 1631336175.4223385, 1631336175.6796498, 1631336189.69714, 1631336189.9484675, 1631336190.6389809, 1631336190.8853216, 1631336191.13266, 1631336191.3979502, 1631336191.6522694, 1631336205.6830294, 1631336205.9293349, 1631336206.209618, 1631336206.4599485, 1631336206.7192547, 1631336206.985549, 1631336207.2428532, 1631336221.8630095, 1631336222.1183262, 1631336222.3676593, 1631336222.6289594, 1631336222.898239, 1631336223.148569, 1631336223.4048848, 1631336237.4150102, 1631336237.6773078, 1631336237.9426055, 1631336238.2038987, 1631336238.462208, 1631336238.7284951, 1631336238.9977748, 1631336252.1498482, 1631336252.4241414, 1631336252.680429, 1631336252.9407337, 1631336253.2134857, 1631336253.4638493, 1631336253.696193, 1631336265.76261, 1631336265.9919698, 1631336266.2462893, 1631336266.4916334, 1631336266.7160323, 1631336266.9543946, 1631336267.2007365, 1631336279.1640713, 1631336279.3765032, 1631336279.5919266, 1631336279.8043594, 1631336280.0367627, 1631336280.2601388, 1631336280.4835408, 1631336292.5685186, 1631336292.790923, 1631336293.0143244, 1631336293.2297487, 1631336293.4701056, 1631336293.7034814, 1631336294.0664263, 1631336306.0210986, 1631336306.2514818, 1631336306.4878495, 1631336306.7232194, 1631336306.9556127, 1631336307.198948, 1631336307.4393046, 1631336319.4143689, 1631336319.6268003, 1631336319.867159, 1631336320.090526, 1631336320.3239338, 1631336320.547335, 1631336320.7766888, 1631336332.8175051, 1631336333.0648441, 1631336333.318165, 1631336333.560517, 1631336333.8098495, 1631336334.0591855, 1631336334.3045323, 1631336346.544811, 1631336346.7662182, 1631336347.0045812, 1631336347.2190075, 1631336347.448393, 1631336347.6727927, 1631336347.9330955, 1631336359.9331589, 1631336360.1745145, 1631336360.431825, 1631336360.6691895, 1631336360.9045596, 1631336361.1479084, 1631336361.3882654, 1631336373.4792101, 1631336373.7155778, 1631336373.9649346, 1631336374.2042701, 1631336374.4456244, 1631336374.6860065, 1631336374.926338, 1631336386.7306142, 1631336386.9430823, 1631336387.1604638, 1631336387.3669114, 1631336387.582335, 1631336387.7937691, 1631336388.0201635, 1631336399.8911328, 1631336400.1245084, 1631336400.3987749, 1631336400.6949866, 1631336400.9852047, 1631336401.2335405, 1631336401.4768896, 1631336413.5496497, 1631336413.7920077, 1631336414.065279, 1631336414.313618, 1631336414.5559661, 1631336414.7973197, 1631336415.0366793, 1631336427.171352, 1631336427.3977482, 1631336427.6251376, 1631336427.8505344, 1631336428.0699396, 1631336428.2973447, 1631336428.515754, 1631336440.4152298, 1631336440.6276617, 1631336440.8480713, 1631336441.0734675, 1631336441.2968705, 1631336441.505313, 1631336441.7247255, 1631336453.827768, 1631336454.082089, 1631336454.326402, 1631336454.571776, 1631336454.8410566, 1631336455.0993643, 1631336455.344711, 1631336468.2442782, 1631336468.4796224, 1631336468.7160153, 1631336468.9493651, 1631336469.1907196, 1631336469.4281077, 1631336469.6614597, 1631336481.9659986, 1631336482.2193274, 1631336482.4636729, 1631336482.7060244, 1631336482.9523318, 1631336483.1937187, 1631336483.4370677, 1631336495.3651357, 1631336495.610445, 1631336495.8647668, 1631336496.1200836, 1631336496.3694148, 1631336496.6137948, 1631336496.8521569, 1631336509.0693247, 1631336509.3405974, 1631336509.5849435, 1631336509.8222744, 1631336510.0656233, 1631336510.3049824, 1631336510.5413501, 1631336522.886544, 1631336523.1049693, 1631336523.3193583, 1631336523.5307927, 1631336523.7631721, 1631336523.9855754, 1631336524.2189891, 1631336536.215189, 1631336536.447558, 1631336536.6879199, 1631336536.939211, 1631336537.1755786, 1631336537.4259086, 1631336537.6772692, 1631336549.7257056, 1631336549.9730794, 1631336550.21739, 1631336550.4886642, 1631336550.7330108, 1631336550.97856, 1631336551.2268946, 1631336563.383748, 1631336563.626099, 1631336563.8614633, 1631336564.1048179, 1631336564.3441823, 1631336564.5795155, 1631336564.8199115, 1631336576.7715614, 1631336577.0149102, 1631336577.265276, 1631336577.506595, 1631336577.74396, 1631336577.9803617, 1631336578.2157338, 1631336590.284033, 1631336590.528379, 1631336590.7697332, 1631336591.0140793, 1631336591.2554336, 1631336591.4987822, 1631336591.7730484, 1631336603.7111783, 1631336603.9285948, 1631336604.1500022, 1631336604.360438, 1631336604.5728688, 1631336604.7902815, 1631336605.0196738, 1631336616.9280312, 1631336617.1743722, 1631336617.4197156, 1631336617.6720402, 1631336617.9393253, 1631336618.1956391, 1631336618.4399855, 1631336631.122923, 1631336631.3663054, 1631336631.6096525, 1631336631.8500097, 1631336632.0953586, 1631336632.545883, 1631336632.807184, 1631336645.0671954, 1631336645.2996056, 1631336645.5439575, 1631336645.789262, 1631336646.0336416, 1631336646.3268237, 1631336646.5821724, 1631336658.5884235, 1631336658.8078291, 1631336659.0425234, 1631336659.275899, 1631336659.4993012, 1631336659.7346714, 1631336659.9461057, 1631336672.0267153, 1631336672.2710278, 1631336672.5044045, 1631336672.7527401, 1631336672.9991143, 1631336673.229496, 1631336673.4688509, 1631336685.4678056, 1631336685.7121272, 1631336685.9464996, 1631336686.850826, 1631336687.0961614, 1631336687.33753, 1631336687.5798764, 1631336699.634888, 1631336699.8902047, 1631336700.1495109, 1631336700.4417288, 1631336700.6930563, 1631336700.948373, 1631336701.2046874, 1631336713.2489774, 1631336713.4594111, 1631336713.6768224, 1631336713.8962414, 1631336714.1156552, 1631336714.3530216, 1631336714.5764232, 1631336728.5675817, 1631336728.8248932, 1631336729.0881891, 1631336729.33752, 1631336729.5898464, 1631336729.87511, 1631336730.12641, 1631336742.460358, 1631336742.7206504, 1631336742.9829512, 1631336743.2292664, 1631336743.4726152, 1631336743.7020013, 1631336743.9303896, 1631336756.193446, 1631336756.5006237, 1631336756.757935, 1631336757.007268, 1631336757.2556045, 1631336757.5099244, 1631336757.760253, 1631336770.0988958, 1631336770.3312738, 1631336770.5716627, 1631336770.8149793, 1631336771.0573301, 1631336771.301677, 1631336771.5430312],