{"initial_reset_timestamp": 1631330177.3108401, "timestamps": [1631330180.8730316, 1631330181.134333, 1631330181.598131, 1631330181.97711, 1631330182.3341577, 1631330182.6872094, 1631330186.9121535, 1631330187.2682393, 1631330187.6113157, 1631330187.9534006, 1631330188.2865157, 1631330188.6266003, 1631330188.9646616, 1631330192.9944885, 1631330194.8435416, 1631330196.8242404, 1631330198.7969291, 1631330200.7567158, 1631330202.68394, 1631330203.9954257, 1631330208.4475133, 1631330210.2337363, 1631330212.1994722, 1631330214.1143465, 1631330216.1638296, 1631330218.1445637, 1631330220.1122642, 1631330224.400822, 1631330226.3356106, 1631330228.3013506, 1631330230.3050222, 1631330232.2896783, 1631330234.2524598, 1631330238.6506562, 1631330240.5829983, 1631330242.5497348, 1631330244.5404081, 1631330246.4652572, 1631330248.4410033, 1631330250.4007583, 1631330255.1092818, 1631330257.11591, 1631330259.0686877, 1631330261.0643418, 1631330263.0001616, 1631330264.9958234, 1631330266.9416165, 1631330271.5074008, 1631330273.4811165, 1631330275.4757783, 1631330277.4883869, 1631330279.468095, 1631330281.472733, 1631330286.0744236, 1631330288.051128, 1631330290.0068967, 1631330292.0254946, 1631330294.0710132, 1631330296.272098, 1631330298.3654945, 1631330302.8275871, 1631330304.7683947, 1631330306.7231627, 1631330308.6829178, 1631330310.6875558, 1631330311.9192603, 1631330313.8231652, 1631330318.2173736, 1631330320.216026, 1631330322.1688328, 1631330324.1385605, 1631330326.117266, 1631330328.030148, 1631330329.8941596, 1631330334.4719162, 1631330336.4276752, 1631330338.4363015, 1631330340.4179966, 1631330342.4246278, 1631330344.1818943, 1631330348.8055522, 1631330350.7772782, 1631330352.7180834, 1631330354.7127137, 1631330356.712395, 1631330358.5345187, 1631330360.4154873, 1631330365.5421004, 1631330367.4878907, 1631330369.4576216, 1631330371.431338, 1631330373.3362415, 1631330375.3508165, 1631330377.2836807, 1631330381.7716694, 1631330383.7702866, 1631330385.7499893, 1631330387.6678574, 1631330389.6545746, 1631330391.568926, 1631330396.181583, 1631330398.1752474, 1631330400.1629293, 1631330402.0648394, 1631330403.9457743, 1631330405.9544, 1631330407.9400861, 1631330412.4819324, 1631330414.4446802, 1631330416.6228518, 1631330418.4270236, 1631330420.421686, 1631330422.379447, 1631330422.8721287, 1631330427.942561, 1631330429.9332342, 1631330431.8790271, 1631330433.7460308, 1631330435.6599097, 1631330437.6465933, 1631330439.6013625, 1631330440.606673, 1631330445.1604865, 1631330447.047438, 1631330448.919428, 1631330450.8961382, 1631330452.873846, 1631330454.8744926, 1631330459.3884141, 1631330461.326228, 1631330463.1972213, 1631330465.2028546, 1631330467.1316931, 1631330469.159268, 1631330471.1409645, 1631330476.3859296, 1631330478.3127747, 1631330480.3333662, 1631330482.334013, 1631330484.5101895, 1631330486.4898915, 1631330488.465605, 1631330492.9994729, 1631330494.9851594, 1631330496.9389312, 1631330498.894698, 1631330500.8664215, 1631330502.8181987, 1631330507.7769563, 1631330509.627976, 1631330511.660537, 1631330513.6013436, 1631330515.5491316, 1631330517.5019062, 1631330519.4908893, 1631330524.0107956, 1631330526.1949496, 1631330528.1655777, 1631330530.1592522, 1631330532.1150222, 1631330534.1026971, 1631330535.9437902, 1631330541.2266533, 1631330543.1874065, 1631330545.1481872, 1631330547.0979424, 1631330549.050717, 1631330550.9955125, 1631330556.2813683, 1631330558.22018, 1631330560.1889122, 1631330562.143681, 1631330564.1243806, 1631330566.0821414, 1631330568.017962, 1631330572.8280907, 1631330574.8197606, 1631330576.7944763, 1631330578.743261, 1631330580.7070072, 1631330582.6718776, 1631330584.5936987, 1631330591.0883524, 1631330593.3702188, 1631330595.5165029, 1631330597.5001957, 1631330599.4320273, 1631330601.3937762, 1631330607.2491074, 1631330609.17795, 1631330611.1726089, 1631330613.182236, 1631330615.1389973, 1631330616.8284771, 1631330618.7483401, 1631330625.0235462, 1631330627.0211985, 1631330629.0078826, 1631330630.9985595, 1631330632.960306, 1631330634.9200613, 1631330636.7072792, 1631330643.6108725, 1631330645.555668, 1631330647.5084426, 1631330649.4681985, 1631330651.437928, 1631330653.33186, 1631330657.8368049, 1631330659.8135154, 1631330661.7443485, 1631330663.7669363, 1631330665.7406547, 1631330667.7034025, 1631330669.6701655, 1631330675.367893, 1631330677.2937396, 1631330679.2674575, 1631330681.2441683, 1631330683.2148945, 1631330685.22352, 1631330687.1053734, 1631330693.8015263, 1631330695.7852178, 1631330697.2812147, 1631330699.2609174, 1631330701.0620973, 1631330702.9400973, 1631330704.7721696, 1631330711.2967103, 1631330713.2218344, 1631330715.1876082, 1631330717.1433768, 1631330719.0712142, 1631330721.0040457, 1631330722.777299, 1631330729.341663, 1631330731.2605278, 1631330733.1893668, 1631330735.1411438, 1631330736.9632676, 1631330738.559995, 1631330744.510073, 1631330746.5077274, 1631330748.4654884, 1631330750.5070262, 1631330752.5007148, 1631330754.3268054, 1631330756.155934, 1631330762.526175, 1631330764.4749603, 1631330766.501537, 1631330768.4433408, 1631330770.292393, 1631330772.2092636, 1631330773.9426112, 1631330780.4784594, 1631330782.4262474, 1631330784.3620672, 1631330787.0357327, 1631330788.8767827, 1631330790.8554876, 1631330796.5731497, 1631330798.5259242, 1631330800.579429, 1631330802.5182407, 1631330804.3972366, 1631330805.8955789, 1631330808.224347, 1631330814.5264826, 1631330816.5979402, 1631330818.5945966, 1631330820.5713074, 1631330822.4004126, 1631330824.3681483, 1631330826.4166656, 1631330832.6689348, 1631330834.6466432, 1631330836.6632464, 1631330838.4155574, 1631330840.303506, 1631330842.1914532, 1631330844.144228, 1631330850.3615904, 1631330852.3732076, 1631330854.3170073, 1631330856.1780522, 1631330858.1357872, 1631330860.1354363, 1631330866.5373054, 1631330868.5110238, 1631330870.486737, 1631330872.283928, 1631330874.2097745, 1631330876.181498, 1631330878.1013608, 1631330884.6737733, 1631330886.648489, 1631330888.541425, 1631330890.4044387, 1631330892.290392, 1631330894.2800674, 1631330896.2577755, 1631330902.1360455, 1631330904.069871, 1631330905.8730457, 1631330907.696167, 1631330909.5801263, 1631330911.5628202, 1631330917.7183483, 1631330919.6751122, 1631330921.6229002, 1631330923.5138402, 1631330925.3994145, 1631330927.3930793, 1631330929.357821, 1631330934.9208953, 1631330936.9454777, 1631330938.786551, 1631330940.4266658, 1631330942.2498298, 1631330943.930333, 1631330945.6098385, 1631330950.830118, 1631330952.7370152, 1631330954.7077417, 1631330956.5398388, 1631330958.390902, 1631330960.1631594, 1631330964.8396468, 1631330966.806383, 1631330968.9765754, 1631330970.9403546, 1631330972.8721511, 1631330974.793011, 1631330976.7248414],