{"initial_reset_timestamp": 1631277523.2752364, "timestamps": [1631277526.8556626, 1631277527.3653004, 1631277527.8749363, 1631277528.3765922, 1631277528.8553166, 1631277531.921075, 1631277532.4007924, 1631277532.8615923, 1631277533.3702354, 1631277533.914773, 1631277538.8262017, 1631277541.0927033, 1631277543.3139925, 1631277545.5571012, 1631277547.9344988, 1631277552.6543307, 1631277554.968659, 1631277557.2778652, 1631277559.6583488, 1631277562.0091634, 1631277566.9629555, 1631277569.2328959, 1631277571.524087, 1631277573.8646846, 1631277576.1505296, 1631277581.1236024, 1631277583.5153723, 1631277585.8970866, 1631277588.1866536, 1631277590.6048198, 1631277595.6925197, 1631277598.1306424, 1631277600.504483, 1631277602.9799383, 1631277605.3547978, 1631277610.1871371, 1631277612.6578248, 1631277615.0614505, 1631277617.4834113, 1631277619.837812, 1631277624.4066658, 1631277626.7336414, 1631277628.9537969, 1631277631.2096107, 1631277633.4853177, 1631277638.4397695, 1631277640.8738022, 1631277643.1611083, 1631277645.602759, 1631277648.012615, 1631277652.8259485, 1631277655.1176474, 1631277657.4047449, 1631277659.6981413, 1631277661.9949014, 1631277666.8430905, 1631277669.159935, 1631277671.4686716, 1631277673.761088, 1631277676.0296237, 1631277680.843537, 1631277683.1843119, 1631277685.5970588, 1631277687.8990948, 1631277690.217346, 1631277695.0331633, 1631277697.456784, 1631277699.743156, 1631277701.9844782, 1631277704.2727294, 1631277709.248721, 1631277711.6283536, 1631277713.9417026, 1631277716.2849152, 1631277718.843814, 1631277723.605363, 1631277726.1010666, 1631277728.4742544, 1631277730.6996377, 1631277733.1391313, 1631277737.8254423, 1631277740.2780375, 1631277742.6516414, 1631277744.8870277, 1631277747.2264864, 1631277752.0055552, 1631277754.365203, 1631277756.788724, 1631277759.0267353, 1631277761.3926687, 1631277766.4924479, 1631277768.9602368, 1631277771.292074, 1631277773.5439436, 1631277775.835051, 1631277780.5522752, 1631277782.833016, 1631277785.0563965, 1631277787.5133712, 1631277790.097915, 1631277794.8569376, 1631277797.3398476, 1631277799.6311214, 1631277801.911867, 1631277804.163261, 1631277809.0783355, 1631277811.415602, 1631277813.7590482, 1631277816.1210246, 1631277818.4731302, 1631277823.5179815, 1631277825.8350494, 1631277828.1884289, 1631277830.4702566, 1631277832.8264298, 1631277837.7962484, 1631277840.175223, 1631277842.5211864, 1631277844.8674855, 1631277847.3390257, 1631277852.2446134, 1631277854.7150264, 1631277857.0529943, 1631277859.2531066, 1631277861.4931085, 1631277866.4187942, 1631277868.8074937, 1631277871.2750015, 1631277873.6369076, 1631277875.9800694, 1631277880.7775323, 1631277883.054349, 1631277885.261689, 1631277887.483172, 1631277889.870333, 1631277894.6080139, 1631277896.823405, 1631277899.0972965, 1631277901.3476396, 1631277903.736373, 1631277908.3174765, 1631277910.794265, 1631277913.1412516, 1631277915.3712842, 1631277917.6746452, 1631277922.5983698, 1631277925.0272512, 1631277927.4783547, 1631277929.8733292, 1631277932.3639767, 1631277937.0881124, 1631277939.56562, 1631277941.8237157, 1631277944.2737067, 1631277946.7084935, 1631277951.5645173, 1631277953.9686353, 1631277956.451524, 1631277958.9220488, 1631277961.2674346, 1631277965.9952774, 1631277968.375935, 1631277970.7952724, 1631277973.3057854, 1631277976.0943038, 1631277980.9774575, 1631277983.2815223, 1631277985.540398, 1631277987.9043405, 1631277990.161193, 1631277995.1785316, 1631277997.508847, 1631277999.8036788, 1631278002.0588636, 1631278004.3211815, 1631278009.187162, 1631278011.8914113, 1631278014.4719079, 1631278016.9991205, 1631278019.278108, 1631278023.8821712, 1631278026.2297533, 1631278028.5418067, 1631278030.7963862, 1631278033.1723366, 1631278037.747946, 1631278039.988078, 1631278042.3610287, 1631278044.6218348, 1631278046.906357, 1631278051.6905773, 1631278053.9620824, 1631278056.2246451, 1631278058.478027, 1631278060.7106037, 1631278065.256314, 1631278067.5066025, 1631278069.7354467, 1631278072.3987164, 1631278074.7753308, 1631278079.4978204, 1631278081.8155944, 1631278084.1710994, 1631278086.6011908, 1631278089.0192323, 1631278094.2293184, 1631278096.7906585, 1631278099.199213, 1631278101.5220232, 1631278103.8078804, 1631278108.6466007, 1631278110.8914921, 1631278113.141131, 1631278115.456289, 1631278117.7690754, 1631278123.123868, 1631278125.6295855, 1631278128.05912, 1631278130.492306, 1631278132.898961, 1631278138.064256, 1631278140.3282034, 1631278142.7038572, 1631278145.1742132, 1631278147.4701602, 1631278152.2570176, 1631278154.660163, 1631278156.9711237, 1631278159.374941, 1631278161.672347, 1631278166.21788, 1631278168.4638457, 1631278170.7420278, 1631278172.9890764, 1631278175.3220685, 1631278180.2195795, 1631278182.4727626, 1631278184.7164352, 1631278187.0953336, 1631278189.3777368, 1631278193.9731903, 1631278196.378613, 1631278198.618275, 1631278200.9137669, 1631278203.3111029, 1631278208.075158, 1631278210.416921, 1631278212.729739, 1631278215.1494431, 1631278217.595567], "episode_lengths": [200, 200, 200, 200, 200, 200, 200, 200, 200, 200, 200, 200, 200, 200, 200, 200, 200, 200, 200, 200, 200, 200, 200, 200, 200, 200, 200, 200, 200, 200, 200, 200, 200, 200, 200, 200, 200, 200, 200, 200, 200, 200, 200, 200, 200, 200, 200, 200, 200, 200, 200, 200, 200, 200, 200, 200, 200, 200, 200, 200, 200, 200, 200, 200, 200, 200, 200, 200, 200, 200, 200, 200, 200, 200, 200, 200, 200, 200, 200, 200, 200, 200, 200, 200, 200, 200, 200, 200, 200, 200, 200, 200, 200, 200, 200, 200, 200, 200, 200, 200, 200, 200, 200, 200, 200, 200, 200, 200, 200, 200, 200, 200, 200, 200, 200, 200, 200, 200, 200, 200, 200, 200, 200, 200, 200, 200, 200, 200, 200, 200, 200, 200, 200, 200, 200, 200, 200, 200, 200, 200, 200, 200, 200, 200, 200, 200, 200, 200, 200, 200, 200, 200, 200, 200, 200, 200, 200, 200, 200, 200, 200, 200, 200, 200, 200, 200, 200, 200, 200, 200, 200, 200, 200, 200, 200, 200, 200, 200, 200, 200, 200, 200, 200, 200, 200, 200, 200, 200, 200, 200, 200, 200, 200, 200, 200, 200, 200, 200, 200, 200, 200, 200, 200, 200, 200, 200, 200, 200, 200, 200, 200, 200, 200, 200, 200, 200, 200, 200, 200, 200, 200, 200, 200, 200, 200, 200, 200, 200, 200, 200, 200, 200, 200, 200, 200, 200, 200, 200, 200, 200, 200, 200, 200, 200, 200, 200, 200, 200, 200, 200],