{"initial_reset_timestamp": 1631277524.7053838, "timestamps": [1631277525.3297145, 1631277525.6727955, 1631277526.0308383, 1631277526.395861, 1631277526.7389665, 1631277530.1059327, 1631277530.4569972, 1631277530.8299952, 1631277531.175072, 1631277531.5540583, 1631277535.1634, 1631277535.5423849, 1631277535.9243634, 1631277536.2654505, 1631277536.606538, 1631277549.145141, 1631277549.4772537, 1631277549.7893848, 1631277550.1195328, 1631277550.418734, 1631277563.2695105, 1631277563.6185756, 1631277563.9626555, 1631277564.3167083, 1631277564.665799, 1631277577.3556845, 1631277577.7217064, 1631277578.0787506, 1631277578.4427757, 1631277578.8297403, 1631277592.0399725, 1631277592.410989, 1631277592.7570534, 1631277593.1141284, 1631277593.470176, 1631277606.6569366, 1631277607.0289414, 1631277607.3670366, 1631277607.7151062, 1631277608.0671902, 1631277620.9792898, 1631277621.2994137, 1631277621.643493, 1631277621.9676256, 1631277622.2847779, 1631277634.6999424, 1631277635.0669277, 1631277635.4189842, 1631277635.7501326, 1631277636.0891912, 1631277649.2548718, 1631277649.6009464, 1631277649.9589882, 1631277650.3060596, 1631277650.680059, 1631277663.2701638, 1631277663.6431396, 1631277664.0131502, 1631277664.3592246, 1631277664.713277, 1631277677.319085, 1631277677.6621459, 1631277678.0191903, 1631277678.366582, 1631277678.697696, 1631277691.4887798, 1631277691.8447952, 1631277692.2347822, 1631277692.5818567, 1631277692.9169621, 1631277705.7145426, 1631277706.0237138, 1631277706.334883, 1631277706.64901, 1631277706.975137, 1631277720.0320818, 1631277720.3392925, 1631277720.6495624, 1631277720.9387884, 1631277721.246964, 1631277734.3129244, 1631277734.6450355, 1631277734.9512162, 1631277735.2524102, 1631277735.568923, 1631277748.5061438, 1631277748.8183424, 1631277749.1264837, 1631277749.4526107, 1631277749.7787695, 1631277762.6718402, 1631277763.0395014, 1631277763.4204817, 1631277763.8353703, 1631277764.180448, 1631277777.0613523, 1631277777.3785017, 1631277777.686677, 1631277777.9943097, 1631277778.3005214, 1631277791.319441, 1631277791.6326375, 1631277791.949754, 1631277792.2659419, 1631277792.5890758, 1631277805.362167, 1631277805.7570677, 1631277806.1031718, 1631277806.4482543, 1631277806.7853167, 1631277819.821227, 1631277820.1733172, 1631277820.514372, 1631277820.8465152, 1631277821.1935568, 1631277834.133194, 1631277834.481229, 1631277834.8422625, 1631277835.2042947, 1631277835.5504012, 1631277848.7946968, 1631277849.126842, 1631277849.4210207, 1631277849.7232132, 1631277850.0493739, 1631277862.7215562, 1631277863.1155019, 1631277863.472513, 1631277863.8225758, 1631277864.225497, 1631277877.1873343, 1631277877.57131, 1631277877.918346, 1631277878.261428, 1631277878.6045103, 1631277891.1098335, 1631277891.452916, 1631277891.795998, 1631277892.1620169, 1631277892.4950938, 1631277904.899923, 1631277905.204111, 1631277905.506299, 1631277905.8323958, 1631277906.1475823, 1631277918.9181094, 1631277919.2582123, 1631277919.6232226, 1631277919.9643424, 1631277920.2924697, 1631277933.521421, 1631277933.837575, 1631277934.1597126, 1631277934.457948, 1631277934.760106, 1631277947.9651213, 1631277948.336096, 1631277948.6841967, 1631277949.026249, 1631277949.366339, 1631277962.5563264, 1631277962.8784535, 1631277963.2255244, 1631277963.5775826, 1631277963.9356241, 1631277977.3851647, 1631277977.7382207, 1631277978.0783098, 1631277978.4243834, 1631277978.7963884, 1631277991.373972, 1631277991.717054, 1631277992.0581174, 1631277992.4002016, 1631277992.72633, 1631278005.626687, 1631278005.9687982, 1631278006.3128784, 1631278006.6609204, 1631278007.0020335, 1631278020.4681695, 1631278020.7962909, 1631278021.1104505, 1631278021.443559, 1631278021.7337818, 1631278034.3734725, 1631278034.6766622, 1631278034.985834, 1631278035.3080106, 1631278035.612158, 1631278048.1055286, 1631278048.4665942, 1631278048.845547, 1631278049.2235355, 1631278049.5706477, 1631278061.8745737, 1631278062.1717787, 1631278062.4699807, 1631278062.7891266, 1631278063.0843368, 1631278075.91743, 1631278076.2315874, 1631278076.5367365, 1631278076.8499348, 1631278077.1800525, 1631278090.2141957, 1631278090.5921855, 1631278090.9362304, 1631278091.272331, 1631278091.622398, 1631278105.0937526, 1631278105.4398246, 1631278105.7998617, 1631278106.1649182, 1631278106.5069697, 1631278119.1244752, 1631278119.514405, 1631278120.0637183, 1631278120.4447334, 1631278120.8705623, 1631278134.2942326, 1631278134.6772027, 1631278135.0521984, 1631278135.3563843, 1631278135.665557, 1631278148.6978245, 1631278149.0378797, 1631278149.3819597, 1631278149.7408485, 1631278150.0899153, 1631278162.862453, 1631278163.1905751, 1631278163.4778063, 1631278163.7710218, 1631278164.0712185, 1631278176.5714257, 1631278176.9274728, 1631278177.2954893, 1631278177.6266022, 1631278177.971679, 1631278190.5299866, 1631278190.825231, 1631278191.133371, 1631278191.4675107, 1631278191.7850082, 1631278204.5557249, 1631278204.846948, 1631278205.154116, 1631278205.4672887, 1631278205.7624996], "episode_lengths": [200, 200, 200, 200, 200, 200, 200, 200, 200, 200, 200, 200, 200, 200, 200, 200, 200, 200, 200, 200, 200, 200, 200, 200, 200, 200, 200, 200, 200, 200, 200, 200, 200, 200, 200, 200, 200, 200, 200, 200, 200, 200, 200, 200, 200, 200, 200, 200, 200, 200, 200, 200, 200, 200, 200, 200, 200, 200, 200, 200, 200, 200, 200, 200, 200, 200, 200, 200, 200, 200, 200, 200, 200, 200, 200, 200, 200, 200, 200, 200, 200, 200, 200, 200, 200, 200, 200, 200, 200, 200, 200, 200, 200, 200, 200, 200, 200, 200, 200, 200, 200, 200, 200, 200, 200, 200, 200, 200, 200, 200, 200, 200, 200, 200, 200, 200, 200, 200, 200, 200, 200, 200, 200, 200, 200, 200, 200, 200, 200, 200, 200, 200, 200, 200, 200, 200, 200, 200, 200, 200, 200, 200, 200, 200, 200, 200, 200, 200, 200, 200, 200, 200, 200, 200, 200, 200, 200, 200, 200, 200, 200, 200, 200, 200, 200, 200, 200, 200, 200, 200, 200, 200, 200, 200, 200, 200, 200, 200, 200, 200, 200, 200, 200, 200, 200, 200, 200, 200, 200, 200, 200, 200, 200, 200, 200, 200, 200, 200, 200, 200, 200, 200, 200, 200, 200, 200, 200, 200, 200, 200, 200, 200, 200, 200, 200, 200, 200, 200, 200, 200, 200, 200, 200, 200, 200, 200, 200, 200, 200, 200, 200, 200, 200, 200, 200, 200, 200, 200, 200, 200, 200, 200, 200, 200, 200, 200, 200, 200, 200, 200],