{"initial_reset_timestamp": 1631275817.8933024, "timestamps": [1631275821.9682777, 1631275822.1477973, 1631275822.4509864, 1631275822.8150449, 1631275823.1431754, 1631275823.4792364, 1631275823.826338, 1631275824.1450794, 1631275824.4562469, 1631275824.7704074, 1631275828.4617252, 1631275828.7987907, 1631275829.104009, 1631275829.4211574, 1631275829.7382753, 1631275830.0388172, 1631275830.387883, 1631275830.6970918, 1631275831.0142071, 1631275831.315401, 1631275835.7255144, 1631275836.954449, 1631275838.1991394, 1631275839.467189, 1631275840.6608503, 1631275841.8808868, 1631275843.0897112, 1631275844.2924926, 1631275845.602964, 1631275847.302125, 1631275851.8414202, 1631275853.0680199, 1631275854.328955, 1631275855.5300522, 1631275856.6849618, 1631275857.860865, 1631275859.1292703, 1631275860.3290591, 1631275861.48731, 1631275862.6920269, 1631275867.2953565, 1631275868.5187476, 1631275869.831594, 1631275871.0552917, 1631275872.5185702, 1631275873.792191, 1631275875.120401, 1631275876.4081883, 1631275877.6558557, 1631275878.890741, 1631275883.6203084, 1631275884.9852974, 1631275886.2021315, 1631275887.6206317, 1631275888.9279287, 1631275890.169856, 1631275891.516684, 1631275892.7985373, 1631275894.0442095, 1631275895.2120845, 1631275899.9554775, 1631275901.246635, 1631275902.5095105, 1631275903.8446343, 1631275905.116087, 1631275906.3949883, 1631275907.648064, 1631275908.9228196, 1631275910.16153, 1631275911.3998408, 1631275915.6372066, 1631275916.8150814, 1631275917.977155, 1631275919.220844, 1631275920.5088158, 1631275921.8112886, 1631275923.1075466, 1631275924.351219, 1631275925.6185675, 1631275926.9057431, 1631275931.505798, 1631275932.6896305, 1631275933.8814836, 1631275935.159051, 1631275936.4261584, 1631275937.5984151, 1631275938.7840197, 1631275939.9562626, 1631275941.15292, 1631275942.3302956, 1631275946.7269409, 1631275948.024526, 1631275949.2871182, 1631275950.5471702, 1631275951.8859894, 1631275953.1530447, 1631275954.3738248, 1631275955.629925, 1631275956.9449048, 1631275958.23366, 1631275962.952983, 1631275964.191754, 1631275965.511706, 1631275966.8767755, 1631275968.1633222, 1631275969.398166, 1631275970.6263325, 1631275971.9033978, 1631275973.143733, 1631275974.3323522, 1631275978.8600276, 1631275980.072892, 1631275981.293418, 1631275982.5229475, 1631275983.8175304, 1631275985.0169876, 1631275986.2996085, 1631275987.609881, 1631275988.9506118, 1631275990.164534, 1631275995.3007617, 1631275996.494536, 1631275997.7397723, 1631275998.9737623, 1631276000.1526077, 1631276001.3743386, 1631276002.6326396, 1631276004.0219407, 1631276005.3120852, 1631276006.553977, 1631276011.6151836, 1631276012.779069, 1631276014.0003352, 1631276015.158237, 1631276016.35098, 1631276017.5347083, 1631276018.7901084, 1631276019.9504013, 1631276021.1336663, 1631276022.4057064, 1631276026.909776, 1631276028.1101956, 1631276029.2840545, 1631276030.4571106, 1631276031.7427278, 1631276033.033108, 1631276033.7765546, 1631276035.0047035, 1631276036.2327793, 1631276037.5093522, 1631276043.02128, 1631276044.232919, 1631276045.5338576, 1631276046.8014643, 1631276048.0389879, 1631276049.2347884, 1631276050.4512067, 1631276051.6484046, 1631276052.8369453, 1631276054.0527842, 1631276058.6140761, 1631276059.9020038, 1631276061.1573427, 1631276062.334957, 1631276063.6472607, 1631276065.0506852, 1631276066.343808, 1631276067.6209724, 1631276068.8817616, 1631276070.0863633, 1631276074.8421862, 1631276076.0137084, 1631276077.2095087, 1631276078.5491688, 1631276079.7689338, 1631276081.040708, 1631276082.2892134, 1631276083.4754512, 1631276084.6667485, 1631276085.9010313, 1631276090.2847981, 1631276091.5582333, 1631276092.892871, 1631276094.1768286, 1631276095.4512491, 1631276096.698881, 1631276097.8967843, 1631276099.1710422, 1631276100.4328134, 1631276101.7597709, 1631276106.2309508, 1631276107.4218373, 1631276108.6036747, 1631276109.784515, 1631276110.9628897, 1631276112.1467223, 1631276113.3943806, 1631276114.57921, 1631276115.8418596, 1631276117.0522933, 1631276121.4226072, 1631276122.669167, 1631276123.959627, 1631276125.2891803, 1631276126.3827064, 1631276127.6034393, 1631276128.782975, 1631276129.959649, 1631276131.144895, 1631276132.5013983, 1631276137.0042694, 1631276137.863886, 1631276139.119609, 1631276140.4972572, 1631276141.7810478, 1631276142.99024, 1631276144.3013334, 1631276145.65445, 1631276146.9291759, 1631276148.15313, 1631276149.4044359, 1631276154.4325502, 1631276155.6251404, 1631276156.8229353, 1631276158.0280027, 1631276159.3097618, 1631276160.6085665, 1631276161.982887, 1631276162.9903471, 1631276163.5598469, 1631276164.346255, 1631276165.5857918, 1631276170.1565933, 1631276171.5109897, 1631276173.0278337, 1631276174.338715, 1631276175.6455843, 1631276176.981087, 1631276178.1207178, 1631276179.3541415, 1631276180.5778666, 1631276181.511369, 1631276186.1230125, 1631276187.4324603, 1631276188.6593235, 1631276189.5688896, 1631276190.8103669, 1631276192.2033896, 1631276193.5058799, 1631276194.8244672, 1631276196.4507039, 1631276197.6973681, 1631276198.6123478, 1631276203.2501981, 1631276204.5218315, 1631276205.828114, 1631276207.0944774, 1631276208.3656232, 1631276209.6663969, 1631276210.9253523, 1631276212.1372533, 1631276213.3368886, 1631276214.5227866, 1631276218.917903, 1631276219.7336197, 1631276220.9443681, 1631276222.1544044, 1631276223.3501794, 1631276224.5190516, 1631276225.8071926, 1631276226.3845792, 1631276227.7260847, 1631276228.9069934, 1631276230.4023983, 1631276234.923295, 1631276236.1380754, 1631276237.306812, 1631276238.6681235, 1631276239.9462967, 1631276241.2318566, 1631276242.1355717, 1631276243.501222, 1631276244.8405347, 1631276246.0341115, 1631276250.9243362, 1631276252.2108881, 1631276253.4356112, 1631276254.3800845, 1631276255.441483, 1631276256.7422934, 1631276258.1533275, 1631276259.4957335, 1631276260.80927, 1631276262.0575387, 1631276263.285422, 1631276268.9797285, 1631276270.2882273, 1631276271.5608218, 1631276272.8503714, 1631276274.100027, 1631276275.3297358, 1631276276.123611, 1631276276.8935761, 1631276278.2160141, 1631276279.5115464, 1631276280.8818796, 1631276285.346666, 1631276286.6322002, 1631276287.891299, 1631276289.1728976, 1631276290.5299551, 1631276291.1496873, 1631276291.835194, 1631276293.139645, 1631276294.403262, 1631276295.6188235, 1631276296.8305938, 1631276301.8875985, 1631276303.1614504, 1631276304.413482, 1631276305.6988087, 1631276306.4103534, 1631276307.7692091, 1631276308.5881524, 1631276309.7629447, 1631276311.0863822, 1631276311.8323858, 1631276312.6573899, 1631276313.8730822, 1631276318.4028847, 1631276319.6136444, 1631276320.8982987, 1631276322.1933484, 1631276322.9976728, 1631276324.3267353, 1631276325.5949864, 1631276326.8475819, 1631276328.1650572, 1631276329.4356577, 1631276330.5377076, 1631276334.94999, 1631276336.2036746, 1631276337.4428537, 1631276338.5904527, 1631276339.861895, 1631276341.1496522, 1631276342.4404478, 1631276343.7108133, 1631276344.9863994, 1631276346.2435658, 1631276350.913866, 1631276352.0877311, 1631276353.0854204, 1631276354.720871, 1631276355.922987, 1631276357.104866, 1631276358.298136, 1631276359.6053693, 1631276360.903, 1631276362.1378694, 1631276362.7013617, 1631276367.5542002, 1631276368.7830727, 1631276369.8353891, 1631276371.026814, 1631276372.2265463, 1631276373.5579576, 1631276374.871442, 1631276376.1609917, 1631276377.5483062, 1631276378.8458061, 1631276384.2992141, 1631276385.3434198, 1631276386.1577308, 1631276387.3405654, 1631276388.519888, 1631276389.8022206, 1631276390.9793577, 1631276392.2610238, 1631276393.5191953, 1631276394.8441927, 1631276396.0502555, 1631276400.5304902, 1631276402.0320098, 1631276403.3261635, 1631276403.971437, 1631276405.2035666, 1631276406.2280827, 1631276406.9703157, 1631276407.5298183, 1631276408.7762995, 1631276409.7516096, 1631276410.840339, 1631276412.0290637, 1631276416.8134062, 1631276417.7061102, 1631276418.9161787, 1631276420.0929847, 1631276420.8361769, 1631276422.1043043, 1631276423.4094813, 1631276424.6545513, 