{"initial_reset_timestamp": 1631328504.049667, "timestamps": [1631328509.6717393, 1631328510.1793802, 1631328510.8455985, 1631328511.3572626, 1631328511.834952, 1631328515.2972698, 1631328515.7839613, 1631328516.2517095, 1631328516.779266, 1631328517.3557541, 1631328522.7812366, 1631328525.6455412, 1631328528.3702824, 1631328531.0251777, 1631328533.5972934, 1631328539.0746055, 1631328541.9449258, 1631328544.925948, 1631328547.7992918, 1631328550.6037867, 1631328556.156922, 1631328559.002281, 1631328561.7918148, 1631328564.5913558, 1631328567.147483, 1631328572.6188433, 1631328575.2568214, 1631328577.9555619, 1631328581.2617142, 1631328584.1869192, 1631328589.6163595, 1631328592.3231163, 1631328594.93516, 1631328597.522239, 1631328600.1801307, 1631328605.4500272, 1631328608.176726, 1631328610.839568, 1631328613.4416041, 1631328616.0755563, 1631328621.9837446, 1631328624.7433615, 1631328627.330439, 1631328630.1588776, 1631328632.7938194, 1631328638.143504, 1631328640.895172, 1631328643.402432, 1631328646.172053, 1631328648.8089962, 1631328654.2324502, 1631328656.882393, 1631328659.3657405, 1631328662.0495598, 1631328664.6765015, 1631328670.1717975, 1631328672.804753, 1631328675.4895675, 1631328678.1484528, 1631328680.8312745, 1631328686.3395333, 1631328688.9445941, 1631328691.6323712, 1631328694.2364032, 1631328696.918227, 1631328702.3188076, 1631328704.994615, 1631328707.6734457, 1631328710.318369, 1631328712.949329, 1631328718.189338, 1631328720.893072, 1631328723.5629263, 1631328726.3455126, 1631328729.1241014, 1631328734.622366, 1631328737.3061826, 1631328739.891265, 1631328742.5212293, 1631328745.1352012, 1631328750.1887045, 1631328752.8206358, 1631328755.415725, 1631328758.0296967, 1631328760.6716268, 1631328765.85376, 1631328768.582467, 1631328771.4467938, 1631328774.0737631, 1631328776.84435, 1631328782.0973191, 1631328784.7602003, 1631328787.4310532, 1631328790.0779378, 1631328792.6909456, 1631328797.9723718, 1631328800.5414968, 1631328803.2701957, 1631328806.0048778, 1631328808.6547866, 1631328814.1710255, 1631328816.6982627, 1631328819.2823477, 1631328821.9013395, 1631328824.3797078, 1631328829.6356435, 1631328832.2017767, 1631328834.7296546, 1631328837.2998114, 1631328839.7013505, 1631328845.0470457, 1631328847.610225, 1631328850.2421443, 1631328852.8551893, 1631328855.3554983, 1631328860.7061434, 1631328863.3022296, 1631328865.8923044, 1631328868.417541, 1631328870.8376913, 1631328876.0597174, 1631328878.640811, 1631328881.2927146, 1631328883.7690883, 1631328886.1846244, 1631328891.4124494, 1631328894.0304441, 1631328896.6893291, 1631328899.2235823, 1631328901.8096616, 1631328907.289962, 1631328909.9817593, 1631328912.6805377, 1631328915.25864, 1631328917.8976126, 1631328924.0929997, 1631328926.92143, 1631328929.5464053, 1631328932.1504374, 1631328934.724582, 1631328940.2208421, 1631328943.0503058, 1631328945.7889733, 1631328948.6612556, 1631328951.5255935, 1631328957.4108825, 1631328960.251285, 1631328962.9121614, 1631328965.6199157, 1631328968.6867151, 1631328974.7395136, 1631328977.5260568, 1631328980.3754306, 1631328983.1071494, 1631328985.813905, 1631328991.5410025, 1631328994.1938698, 1631328996.9644933, 1631328999.6652296, 1631329002.3819969, 1631329007.9650507, 1631329010.5920305, 1631329013.2269793, 1631329015.9706373, 1631329018.8708782, 1631329024.834917, 1631329027.612485, 1631329030.2896762, 1631329032.952551, 1631329035.7121665, 1631329041.2942295, 1631329044.0897496, 1631329046.9200778, 1631329049.708616, 1631329052.556022, 1631329057.791022, 1631329060.595484, 1631329063.2863147, 1631329066.0309632, 1631329068.7626286, 1631329074.2360148, 1631329077.0085635, 1631329079.6943777, 1631329082.3652294, 1631329085.042066, 1631329090.4526222, 1631329093.6058145, 1631329096.273676, 1631329099.0342882, 1631329101.7340903, 1631329107.2353437, 1631329109.9660363, 1631329112.957032, 1631329115.731608, 1631329118.3635652, 1631329123.8139803, 1631329126.6055105, 1631329129.4050193, 1631329132.3381708, 1631329135.3261743, 1631329141.040882, 1631329143.7456443, 1631329146.38558, 1631329149.0055692, 1631329151.6016223, 1631329156.7787685, 1631329159.7737558, 1631329162.7418134, 1631329165.4056838, 1631329167.987346, 1631329173.4537182, 1631329176.4666557, 1631329179.2522018, 1631329181.9360201, 1631329184.7255557, 1631329190.7923214, 1631329193.7773337, 1631329196.6057649, 1631329199.2277486, 1631329202.1549163, 1631329207.719268, 1631329210.6743603, 1631329213.466888, 1631329216.0070903, 1631329218.7507484, 1631329224.3338087, 1631329227.074475, 1631329229.6765122, 1631329232.2426455, 1631329234.9214768, 1631329240.3589268, 1631329243.098708, 1631329245.6698601, 1631329248.3646517, 1631329251.0504303, 1631329256.4100878, 1631329259.0909493, 1631329261.3982587, 1631329263.6537406, 1631329265.9825087, 1631329270.6324136, 1631329273.119809, 1631329275.6197033, 1631329277.9654264, 1631329280.3547194, 1631329285.2309337, 1631329287.50784, 1631329289.9233763, 1631329292.2699242, 1631329294.6286006], "episode_lengths": [200, 200, 200, 200, 200, 200, 200, 200, 200, 200, 200, 200, 200, 200, 200, 200, 200, 200, 200, 200, 200, 200, 200, 200, 200, 200, 200, 200, 200, 200, 200, 200, 200, 200, 200, 200, 200, 200, 200, 200, 200, 200, 200, 200, 200, 200, 200, 200, 200, 200, 200, 200, 200, 200, 200, 200, 200, 200, 200, 200, 200, 200, 200, 200, 200, 200, 200, 200, 200, 200, 200, 200, 200, 200, 200, 200, 200, 200, 200, 200, 200, 200, 200, 200, 200, 200, 200, 200, 200, 200, 200, 200, 200, 200, 200, 200, 200, 200, 200, 200, 200, 200, 200, 200, 200, 200, 200, 200, 200, 200, 200, 200, 200, 200, 200, 200, 200, 200, 200, 200, 200, 200, 200, 200, 200, 200, 200, 200, 200, 200, 200, 200, 200, 200, 200, 200, 200, 200, 200, 200, 200, 200, 200, 200, 200, 200, 200, 200, 200, 200, 200, 200, 200, 200, 200, 200, 200, 200, 200, 200, 200, 200, 200, 200, 200, 200, 200, 200, 200, 200, 200, 200, 200, 200, 200, 200, 200, 200, 200, 200, 200, 200, 200, 200, 200, 200, 200, 200, 200, 200, 200, 200, 200, 200, 200, 200, 200, 200, 200, 200, 200, 200, 200, 200, 200, 200, 200, 200, 200, 200, 200, 200, 200, 200, 200, 200, 200, 200, 200, 200, 200, 200, 200, 200, 200, 200, 200, 200, 200, 200, 200, 200, 200, 200, 200, 200, 200, 200, 200, 200, 200, 200, 200, 200, 200, 200, 200, 200, 200, 200],