{"initial_reset_timestamp": 1631328506.2230065, "timestamps": [1631328507.2512553, 1631328508.3861794, 1631328508.7841146, 1631328509.1990044, 1631328509.5660224, 1631328513.333486, 1631328513.7374067, 1631328514.1473355, 1631328514.573168, 1631328514.9551468, 1631328518.5615308, 1631328518.9285483, 1631328519.3513827, 1631328519.7852557, 1631328520.201142, 1631328534.930727, 1631328535.383483, 1631328535.787435, 1631328536.1643922, 1631328536.5324416, 1631328552.00401, 1631328552.4348867, 1631328552.8018725, 1631328553.1569555, 1631328553.5059881, 1631328568.5028906, 1631328568.8778548, 1631328569.2688076, 1631328569.6867256, 1631328570.0647094, 1631328585.4894354, 1631328585.8813932, 1631328586.2743282, 1631328586.6812139, 1631328587.087127, 1631328601.4178152, 1631328601.7967963, 1631328602.1837661, 1631328602.5557349, 1631328602.9307296, 1631328617.883717, 1631328618.3016, 1631328618.676594, 1631328619.0565772, 1631328619.4525194, 1631328634.0574367, 1631328634.4294736, 1631328634.836386, 1631328635.231296, 1631328635.6232786, 1631328650.0666325, 1631328650.4565542, 1631328650.8465428, 1631328651.2115426, 1631328651.662359, 1631328666.0558126, 1631328666.4427757, 1631328666.8546753, 1631328667.2446313, 1631328667.6545346, 1631328682.195624, 1631328682.573612, 1631328682.9625697, 1631328683.3714774, 1631328683.7554486, 1631328698.1699095, 1631328698.554848, 1631328698.9607608, 1631328699.3367553, 1631328699.7027743, 1631328714.2528408, 1631328714.6198568, 1631328714.99685, 1631328715.3688903, 1631328715.734875, 1631328730.4874296, 1631328730.9721036, 1631328731.3760526, 1631328731.769002, 1631328732.2008386, 1631328746.5115187, 1631328746.8825593, 1631328747.2196236, 1631328747.5717137, 1631328747.881886, 1631328761.9851456, 1631328762.354157, 1631328762.6942177, 1631328763.0383267, 1631328763.4113286, 1631328778.0441396, 1631328778.355339, 1631328778.73529, 1631328779.1422012, 1631328779.5221844, 1631328793.975939, 1631328794.334979, 1631328794.7329454, 1631328795.133841, 1631328795.4809127, 1631328809.8894825, 1631328810.2545059, 1631328810.603572, 1631328810.9506438, 1631328811.4882045, 1631328825.6592836, 1631328826.040264, 1631328826.4182527, 1631328826.7752972, 1631328827.126358, 1631328841.0338192, 1631328841.4167943, 1631328841.791789, 1631328842.1727712, 1631328842.546774, 1631328856.6789212, 1631328857.0798485, 1631328857.4628234, 1631328857.8677733, 1631328858.2427695, 1631328872.1003132, 1631328872.4693253, 1631328872.8333511, 1631328873.2143316, 1631328873.593318, 1631328887.4412618, 1631328887.7883327, 1631328888.1763084, 1631328888.548299, 1631328888.917312, 1631328903.0383394, 1631328903.433316, 1631328903.8103075, 1631328904.1872973, 1631328904.5583057, 1631328919.2130573, 1631328919.8054717, 1631328920.201413, 1631328920.6940942, 1631328921.1548965, 1631328935.9662592, 1631328936.3352747, 1631328936.7152538, 1631328937.1580389, 1631328937.6407454, 1631328953.0276115, 1631328953.428573, 1631328953.8354862, 1631328954.2932603, 1631328954.6642327, 1631328970.3273184, 1631328970.7272491, 1631328971.1481242, 1631328971.5670018, 1631328971.9779022, 1631328987.3571992, 1631328987.7980168, 1631328988.1670306, 1631328988.5410311, 1631328988.8930876, 1631329003.7044535, 1631329004.1053846, 1631329004.5053043, 1631329004.9062357, 1631329005.3230882, 1631329020.3628833, 1631329020.8705258, 1631329021.3173313, 1631329021.8568864, 1631329022.2598085, 1631329037.0954654, 1631329037.470461, 1631329037.8773725, 1631329038.2623432, 1631329038.6453218, 1631329053.8605063, 1631329054.2694125, 1631329054.6564097, 1631329055.0523171, 1631329055.4283452, 1631329070.177842, 1631329070.586782, 1631329070.9258754, 1631329071.3068547, 1631329071.6528943, 1631329086.3156776, 1631329086.6587722, 1631329087.0277894, 1631329087.413752, 1631329087.827613, 1631329103.0345838, 1631329103.4055917, 1631329103.7905612, 1631329104.2154257, 1631329104.6781876, 1631329119.7309325, 1631329120.1477907, 1631329120.5497148, 1631329120.9406688, 1631329121.3236442, 1631329136.8191793, 1631329137.2330716, 1631329137.6130548, 1631329138.0449035, 1631329138.5036721, 1631329152.8373156, 1631329153.2192934, 1631329153.5693562, 1631329153.901469, 1631329154.2575152, 1631329169.3217752, 1631329169.6738338, 1631329170.0558102, 1631329170.4846635, 1631329170.8526785, 1631329186.160715, 1631329186.6593814, 1631329187.1390967, 1631329187.6028562, 1631329188.0137577, 1631329203.787549, 1631329204.18249, 1631329204.528564, 1631329204.8457162, 1631329205.1937842, 1631329220.2148333, 1631329220.5858383, 1631329221.0256612, 1631329221.4285831, 1631329221.819537, 1631329236.3147485, 1631329236.6847582, 1631329237.0717235, 1631329237.4437277, 1631329237.8626068, 1631329252.4088273, 1631329252.7548687, 1631329253.108953, 1631329253.4640045, 1631329253.785145, 1631329267.1471217, 1631329267.4503124, 1631329267.761472, 1631329268.0905967, 1631329268.4107084, 1631329281.6617203, 1631329282.0429366, 1631329282.3930004, 1631329282.7390742, 1631329283.0771687], "episode_lengths": [200, 200, 200, 200, 200, 200, 200, 200, 200, 200, 200, 200, 200, 200, 200, 200, 200, 200, 200, 200, 200, 200, 200, 200, 200, 200, 200, 200, 200, 200, 200, 200, 200, 200, 200, 200, 200, 200, 200, 200, 200, 200, 200, 200, 200, 200, 200, 200, 200, 200, 200, 200, 200, 200, 200, 200, 200, 200, 200, 200, 200, 200, 200, 200, 200, 200, 200, 200, 200, 200, 200, 200, 200, 200, 200, 200, 200, 200, 200, 200, 200, 200, 200, 200, 200, 200, 200, 200, 200, 200, 200, 200, 200, 200, 200, 200, 200, 200, 200, 200, 200, 200, 200, 200, 200, 200, 200, 200, 200, 200, 200, 200, 200, 200, 200, 200, 200, 200, 200, 200, 200, 200, 200, 200, 200, 200, 200, 200, 200, 200, 200, 200, 200, 200, 200, 200, 200, 200, 200, 200, 200, 200, 200, 200, 200, 200, 200, 200, 200, 200, 200, 200, 200, 200, 200, 200, 200, 200, 200, 200, 200, 200, 200, 200, 200, 200, 200, 200, 200, 200, 200, 200, 200, 200, 200, 200, 200, 200, 200, 200, 200, 200, 200, 200, 200, 200, 200, 200, 200, 200, 200, 200, 200, 200, 200, 200, 200, 200, 200, 200, 200, 200, 200, 200, 200, 200, 200, 200, 200, 200, 200, 200, 200, 200, 200, 200, 200, 200, 200, 200, 200, 200, 200, 200, 200, 200, 200, 200, 200, 200, 200, 200, 200, 200, 200, 200, 200, 200, 200, 200, 200, 200, 200, 200, 200, 200, 200, 200, 200, 200],