{"initial_reset_timestamp": 1631333092.1131444, "timestamps": [1631333095.5674982, 1631333095.8168356, 1631333096.245684, 1631333096.597748, 1631333096.9378335, 1631333097.2679493, 1631333100.0062141, 1631333100.2964382, 1631333100.6275513, 1631333100.9546764, 1631333101.2818007, 1631333101.6208928, 1631333101.9469879, 1631333105.3133886, 1631333107.2188578, 1631333108.8781319, 1631333110.5027845, 1631333112.0436869, 1631333113.65238, 1631333115.324466, 1631333119.36816, 1631333121.0835545, 1631333122.7763228, 1631333124.4375303, 1631333126.1169739, 1631333127.830324, 1631333152.5674624, 1631333154.2962787, 1631333155.9599445, 1631333157.5955684, 1631333159.2358398, 1631333160.935292, 1631333162.6469753, 1631333166.8522909, 1631333168.6041822, 1631333170.3246381, 1631333171.7169385, 1631333173.4905076, 1631333175.2722714, 1631333176.9797227, 1631333181.11328, 1631333182.8945796, 1631333185.437836, 1631333187.2368402, 1631333188.3711064, 1631333189.4818897, 1631333191.364477, 1631333195.7935095, 1631333197.5727472, 1631333199.253563, 1631333200.7284153, 1631333202.519692, 1631333204.191888, 1631333205.868402, 1631333209.9455383, 1631333211.6758804, 1631333213.3631814, 1631333215.2602503, 1631333216.9387393, 1631333218.5936332, 1631333220.2332435, 1631333224.2579684, 1631333225.0044756, 1631333226.6520922, 1631333228.3465068, 1631333229.9492204, 1631333231.7283072, 1631333233.5735025, 1631333237.7853453, 1631333239.4668818, 1631333241.30144, 1631333242.2010775, 1631333243.8576448, 1631333245.6335914, 1631333247.3070889], "episode_lengths": [150, 150, 150, 150, 150, 150, 150, 120, 150, 150, 150, 150, 150, 150, 150, 150, 150, 137, 150, 150, 150, 150, 150, 150, 150, 150, 150, 150, 150, 150, 150, 150, 150, 150, 150, 150, 122, 150, 150, 150, 150, 150, 150, 146, 91, 87, 150, 150, 150, 150, 133, 150, 150, 150, 150, 150, 150, 150, 150, 150, 150, 150, 59, 150, 150, 150, 150, 150, 150, 150, 150, 76, 150, 150, 150], "episode_rewards": [-150.0, -150.0, -150.0, -150.0, -150.0, -150.0, -150.0, -119.0, -150.0, -150.0, -150.0, -150.0, -150.0, -150.0, -150.0, -150.0, -150.0, -136.0, -150.0, -150.0, -150.0, -150.0, -150.0, -150.0, -150.0, -150.0, -150.0, -150.0, -150.0, -150.0, -150.0, -150.0, -150.0, -150.0, -150.0, -150.0, -121.0, -150.0, -150.0, -150.0, -150.0, -150.0, -150.0, -145.0, -90.0, -86.0, -150.0, -150.0, -150.0, -150.0, -132.0, -150.0, -150.0, -150.0, -150.0, -150.0, -150.0, -150.0, -150.0, -150.0, -150.0, -150.0, -58.0, -150.0, -150.0, -150.0, -150.0, -150.0, -150.0, -150.0, -150.0, -75.0, -150.0, -150.0, -150.0], "episode_types": ["t", "t", "t", "t", "t", "t", "t", "t", "t", "t", "t", "t", "t", "t", "t", "t", "t", "t", "t", "t", "t", "t", "t", "t", "t", "t", "t", "t", "t", "t", "t", "t", "t", "t", "t", "t", "t", "t", "t", "t", "t", "t", "t", "t", "t", "t", "t", "t", "t", "t", "t", "t", "t", "t", "t", "t", "t", "t", "t", "t", "t", "t", "t", "t", "t", "t", "t", "t", "t", "t", "t", "t", "t", "t", "t", "t"]}