{"initial_reset_timestamp": 1631333093.5967395, "timestamps": [1631333094.0405893, 1631333094.2929094, 1631333094.535261, 1631333094.7905793, 1631333095.0259168, 1631333095.2563004, 1631333095.4886787, 1631333098.4970095, 1631333098.7433515, 1631333098.981714, 1631333099.2230666, 1631333099.45348, 1631333099.6888201, 1631333099.916212, 1631333103.1257982, 1631333103.3641605, 1631333103.597536, 1631333103.829914, 1631333104.0573056, 1631333104.3076358, 1631333104.5569692, 1631333116.8793316, 1631333117.0867765, 1631333117.2892346, 1631333117.5006702, 1631333117.7180874, 1631333117.9539564, 1631333118.158391, 1631333151.0129638, 1631333151.2243981, 1631333151.4956734, 1631333151.7380252, 1631333152.0053082, 1631333152.261622, 1631333152.5000088, 1631333164.69379, 1631333164.9411285, 1631333165.1924558, 1631333165.451795, 1631333165.725069, 1631333165.9724057, 1631333166.2217007, 1631333178.8390057, 1631333179.0923278, 1631333179.333682, 1631333179.5850081, 1631333179.8054185, 1631333180.026826, 1631333180.2552183, 1631333194.179827, 1631333194.433149, 1631333194.6286254, 1631333194.8749669, 1631333195.0225718, 1631333195.2649233, 1631333195.519243, 1631333195.7685766, 1631333208.1011055, 1631333208.339468, 1631333208.5798242, 1631333208.8371346, 1631333209.077502, 1631333209.3068824, 1631333209.5472364, 1631333221.9277797, 1631333222.1591613, 1631333222.3785734, 1631333222.6009796, 1631333222.838344, 1631333223.0747108, 1631333223.3260384, 1631333235.8073344, 1631333236.0776114, 1631333236.322955, 1631333236.553337, 1631333236.7847195, 1631333237.0300627, 1631333237.2873745, 1631333249.7386293, 1631333249.9759953, 1631333250.2103634, 1631333250.448729, 1631333250.6841009, 1631333250.896508], "episode_lengths": [150, 150, 150, 150, 150, 150, 150, 150, 150, 150, 150, 150, 150, 150, 150, 150, 150, 150, 150, 150, 150, 150, 150, 150, 150, 150, 150, 150, 150, 150, 150, 150, 150, 150, 150, 150, 150, 150, 150, 150, 150, 150, 150, 150, 150, 150, 150, 150, 150, 122, 150, 99, 150, 59, 150, 150, 150, 150, 150, 150, 150, 150, 150, 150, 150, 150, 150, 150, 150, 150, 150, 150, 150, 150, 150, 150, 150, 150, 150, 150, 150, 150, 150, 137], "episode_rewards": [-150.0, -150.0, -150.0, -150.0, -150.0, -150.0, -150.0, -150.0, -150.0, -150.0, -150.0, -150.0, -150.0, -150.0, -150.0, -150.0, -150.0, -150.0, -150.0, -150.0, -150.0, -150.0, -150.0, -150.0, -150.0, -150.0, -150.0, -150.0, -150.0, -150.0, -150.0, -150.0, -150.0, -150.0, -150.0, -150.0, -150.0, -150.0, -150.0, -150.0, -150.0, -150.0, -150.0, -150.0, -150.0, -150.0, -150.0, -150.0, -150.0, -121.0, -150.0, -98.0, -150.0, -58.0, -150.0, -150.0, -150.0, -150.0, -150.0, -150.0, -150.0, -150.0, -150.0, -150.0, -150.0, -150.0, -150.0, -150.0, -150.0, -150.0, -150.0, -150.0, -150.0, -150.0, -150.0, -150.0, -150.0, -150.0, -150.0, -150.0, -150.0, -150.0, -150.0, -136.0], "episode_types": ["t", "t", "t", "t", "t", "t", "t", "t", "t", "t", "t", "t", "t", "t", "t", "t", "t", "t", "t", "t", "t", "t", "t", "t", "t", "t", "t", "t", "t", "t", "t", "t", "t", "t", "t", "t", "t", "t", "t", "t", "t", "t", "t", "t", "t", "t", "t", "t", "t", "t", "t", "t", "t", "t", "t", "t", "t", "t", "t", "t", "t", "t", "t", "t", "t", "t", "t", "t", "t", "t", "t", "t", "t", "t", "t", "t", "t", "t", "t", "t", "t", "t", "t", "t"]}