{"initial_reset_timestamp": 1631278806.7924492, "timestamps": [1631278810.2367268, 1631278810.5578332, 1631278811.0584931, 1631278811.460452, 1631278811.7646341, 1631278812.1097114, 1631278815.0229735, 1631278815.3869903, 1631278815.7280557, 1631278816.0920784, 1631278816.3883176, 1631278816.6506174, 1631278816.9876819, 1631278819.7858534, 1631278821.404601, 1631278823.0472054, 1631278824.7087595, 1631278826.375425, 1631278828.0331838, 1631278829.8981898, 1631278833.9794204, 1631278835.7038069, 1631278837.4784508, 1631278839.237826, 1631278840.924313, 1631278842.6365824, 1631278844.3170588, 1631278848.4259856, 1631278850.1463559, 1631278851.839825, 1631278853.5881548, 1631278855.2936158, 1631278857.039955, 1631278861.2282214, 1631278863.0429733, 1631278864.7584271, 1631278866.4299543, 1631278868.1254432, 1631278869.8260474, 1631278871.5046194, 1631278876.5088446, 1631278878.217023, 1631278879.9236078, 1631278881.7040243, 1631278883.4073124, 1631278885.0963302, 1631278886.8112483, 1631278891.325691, 1631278893.0440836, 1631278894.7684681, 1631278896.6815605, 1631278898.412133, 1631278900.0796704, 1631278904.1623769, 1631278905.8129885, 1631278907.4944606, 1631278909.2026763, 1631278910.9435165, 1631278912.62801, 1631278914.4356987, 1631278918.5264106, 1631278920.1996214, 1631278921.875804, 1631278923.5777717, 1631278925.3073492, 1631278927.021525, 1631278928.6780922, 1631278935.224954, 1631278936.897452, 1631278938.5829418, 1631278940.275456, 1631278941.9624722, 1631278943.6240263, 1631278949.3613346, 1631278951.1735258, 1631278952.9523623, 1631278954.8164134, 1631278956.629669, 1631278958.3790445, 1631278960.18187, 1631278966.209748, 1631278967.9187095, 1631278969.8361597, 1631278971.6220334, 1631278973.3783107, 1631278975.2034044, 1631278976.9912121, 1631278983.6754518, 1631278985.368649, 1631278987.0435762, 1631278988.718095, 1631278990.9152844, 1631278992.5827968, 1631278998.6205745, 1631279000.282779, 1631279001.9443433, 1631279003.5979946, 1631279005.2476032, 1631279006.8956323, 1631279008.544201, 1631279015.542189, 1631279017.5987115, 1631279019.268491, 1631279020.9810288, 1631279022.923829, 1631279024.802801, 1631279026.5322878, 1631279032.7622452, 1631279034.524339, 1631279036.2116277, 1631279037.8773503, 1631279039.5606723, 1631279041.2690778, 1631279048.108681, 1631279049.8770044, 1631279051.5715246, 1631279053.2713835, 1631279054.9748242, 1631279056.6313915, 1631279058.304637, 1631279063.879762, 1631279065.621102, 1631279067.2963119, 1631279069.041968, 1631279070.7492316, 1631279072.4536488, 1631279074.2187502, 1631279080.069914, 1631279081.823502, 1631279083.5675838, 1631279085.299948, 1631279087.0081046, 1631279088.7106516, 1631279095.2814088, 1631279097.3229465, 1631279099.471197, 1631279101.4239955, 1631279103.317903, 1631279105.094502, 1631279106.9913955, 1631279113.3829317, 1631279115.098653, 1631279116.783012, 1631279118.4913983, 1631279120.2746263, 1631279121.967108, 1631279124.0315776, 1631279131.640239, 1631279133.4723103, 1631279135.4829307, 1631279137.2970743, 1631279139.1551282, 1631279140.9253654, 1631279147.6432395, 1631279149.5776477, 1631279151.2455416, 1631279153.0030963, 1631279154.6892028, 1631279156.401068, 1631279158.0917227, 1631279164.0129676, 1631279165.7641547, 1631279167.4846752, 1631279169.8301847, 1631279171.5264056, 1631279173.3913267, 1631279175.5704956, 1631279181.9523149, 1631279183.6673293, 1631279185.5884023, 1631279187.2543714, 1631279189.0764954, 1631279190.9325297, 1631279197.3923447, 1631279199.284218, 1631279200.9468586, 1631279202.6422281, 1631279205.0750067, 1631279206.9559731, 1631279208.8270674, 1631279215.0456746, 1631279216.7690616, 1631279218.453946, 1631279220.2521343, 1631279222.030377, 1631279223.758752, 1631279225.5439994, 1631279231.3521872, 1631279233.0312269, 1631279234.7645643, 1631279236.5835013, 1631279238.411351, 1631279240.0778682, 1631279246.3691137, 1631279248.0736468, 1631279249.778086, 1631279251.4994795, 1631279253.1767406, 1631279254.8273237, 1631279256.529239, 1631279262.489693, 1631279264.1677854, 1631279265.8275645, 1631279267.6134393, 1631279269.2859817, 1631279271.055944, 1631279272.6945333, 1631279279.1445296, 1631279280.9770327, 1631279282.7948558, 1631279284.484655, 1631279286.2265415, 1631279287.8811138, 1631279293.1415756, 1631279294.866189, 1631279296.55344, 1631279298.210007, 1631279299.876859, 1631279301.5384128, 1631279303.1937191, 1631279309.1276405, 1631279310.7712667, 1631279312.4308016, 1631279314.0773284, 1631279315.7458894, 1631279317.4363651, 1631279319.228599, 1631279324.9849083, 1631279326.6378086, 1631279328.3810794, 1631279330.298974, 1631279331.980477, 1631279333.8883417, 1631279339.998829, 1631279341.6730573, 1631279343.5823736, 1631279345.48945, 1631279347.5934472, 1631279349.7370658, 1631279351.8234816, 1631279358.1284294, 1631279360.0768783, 1631279361.766382, 1631279363.7879486, 1631279365.6768928, 1631279367.4970222, 1631279369.317968, 1631279375.4843493, 1631279377.193797, 1631279378.9082096, 1631279380.6790588, 1631279382.390614, 1631279384.09031, 1631279389.9050014, 1631279391.7511222, 1631279393.4515088, 1631279395.1270251, 1631279396.8092573, 1631279398.6350882, 1631279400.3608441, 1631279406.2621987, 1631279408.1010892, 1631279410.0558584, 1631279411.8146577, 1631279413.6821983, 1631279415.4275033, 1631279417.1000278, 1631279422.677403, 1631279424.7229996, 1631279426.578015, 1631279428.3618762, 1631279430.0393872, 1631279431.7173793, 1631279437.7685215, 1631279439.5910726, 1631279441.4244823, 1631279443.2680802, 1631279445.1365657, 1631279446.9854214, 1631279448.8335907, 1631279455.1787684, 1631279456.9322276, 1631279458.691285, 1631279460.3518424, 1631279462.0253625, 1631279463.7204854, 1631279465.4452264, 1631279472.1292145, 1631279474.0018623, 1631279475.778954, 1631279477.5528176, 1631279479.3196456, 1631279481.3130255, 1631279488.132833, 1631279489.958091, 1631279491.6873615, 1631279493.4973369, 1631279495.2746575, 1631279497.047912, 1631279498.863758, 1631279505.1514816, 1631279506.8389423, 1631279508.600796, 1631279510.4114175, 1631279512.0890973, 1631279513.846706, 1631279515.5847871, 1631279522.0236678, 1631279523.7478056, 1631279525.4413671, 1631279527.107882, 1631279528.7784371, 1631279530.4670477, 1631279536.9126558, 1631279538.8527162, 1631279540.8381276, 1631279542.8766468, 1631279544.7551258, 1631279546.5534472, 1631279548.3096492, 1631279554.7799044, 1631279556.6117647, 1631279558.4247422, 1631279560.1649213, 1631279561.9259846, 1631279563.7114677, 1631279565.5385695, 1631279572.0034273, 1631279573.680939, 1631279575.3749928, 1631279577.097199, 1631279578.8067007, 1631279580.5686636],