{"initial_reset_timestamp": 1631347631.344676, "timestamps": [1631347635.093645, 1631347635.43174, 1631347635.9403815, 1631347636.4320626, 1631347636.836017, 1631347637.2299652, 1631347641.3608744, 1631347641.8535898, 1631347642.2923815, 1631347642.6674142, 1631347643.0563757, 1631347643.4792051, 1631347643.8522081, 1631347647.9711854, 1631347649.8381894, 1631347651.7540953, 1631347653.572149, 1631347655.419206, 1631347657.3326154, 1631347659.267967, 1631347663.4542818, 1631347665.214027, 1631347666.9985647, 1631347669.109414, 1631347671.0743468, 1631347672.900713, 1631347677.1267402, 1631347678.8145745, 1631347680.5312195, 1631347682.2476265, 1631347683.9874017, 1631347685.7073967, 1631347687.4283676, 1631347691.6860063, 1631347693.3997421, 1631347695.127349, 1631347696.8233402, 1631347697.5945156, 1631347699.3006046, 1631347701.0091412, 1631347705.1780555, 1631347706.8827899, 1631347708.5668333, 1631347710.2632694, 1631347711.960225, 1631347713.6535628, 1631347715.3431637, 1631347719.388408, 1631347721.0719028, 1631347722.7853596, 1631347724.4629614, 1631347726.163411, 1631347727.8843665, 1631347732.10787, 1631347733.8357716, 1631347735.5563543, 1631347737.2743273, 1631347739.0042052, 1631347740.698105, 1631347742.4075565, 1631347746.630791, 1631347748.3395913, 1631347750.0681405, 1631347751.7727253, 1631347753.461583, 1631347755.1657665, 1631347756.8631685, 1631347761.3193018, 1631347763.1187034, 1631347764.8101773, 1631347766.5587804, 1631347768.3228145, 1631347770.0829022, 1631347774.4121265, 1631347776.1436079, 1631347777.9546168, 1631347779.692031, 1631347781.382507, 1631347783.0699916, 1631347784.7483149, 1631347788.9121773, 1631347790.6238608, 1631347792.3361692, 1631347794.092648, 1631347795.75759, 1631347797.4224033, 1631347799.1143231, 1631347803.3151994, 1631347805.0145578, 1631347806.7726774, 1631347808.4613183, 1631347810.162592, 1631347811.8206227, 1631347816.0162194, 1631347817.7123086, 1631347819.3919485, 1631347821.0832164, 1631347822.774751, 1631347824.4661562, 1631347826.142721, 1631347830.3043606, 1631347831.9912424, 1631347833.6472955, 1631347835.3320425, 1631347836.9902742, 1631347838.6796968, 1631347840.3492584, 1631347844.522635, 1631347846.2218912, 1631347847.9195256, 1631347849.6737943, 1631347851.3682337, 1631347853.092107, 1631347857.8032632, 1631347859.5060568, 1631347861.22683, 1631347862.9854112, 1631347864.6832023, 1631347866.3657272, 1631347868.1857255, 1631347873.5883536, 1631347875.2785506, 1631347876.9765368, 1631347878.6736338, 1631347880.3778675, 1631347882.0533853, 1631347883.7365086, 1631347890.0063584, 1631347891.703889, 1631347893.4186008, 1631347895.0951147, 1631347896.7601619, 1631347898.4630866, 1631347904.5611336, 1631347906.2356527, 1631347907.9131353, 1631347909.6199641, 1631347911.320483, 1631347913.0078645, 1631347914.6757748, 1631347920.6175563, 1631347922.2945633, 1631347923.9929914, 1631347925.6913717, 1631347927.3692994, 1631347929.1395388, 1631347930.839013, 1631347937.0339909, 1631347938.7334428, 1631347940.4126682, 1631347942.0931711, 1631347943.820959, 1631347945.5120165, 1631347951.745748, 1631347953.4501293, 1631347955.119931, 1631347956.8156788, 1631347958.5212946, 1631347960.210166, 1631347961.9035723, 1631347967.9989595, 1631347969.6941137, 1631347971.3763783, 1631347973.1007638, 1631347974.7889206, 1631347976.479151, 1631347978.1786034, 1631347984.0534592, 1631347985.727335, 1631347987.445315, 1631347989.211381, 1631347990.9701543, 1631347992.7005239, 1631347999.0773835, 1631348000.7724488, 1631348002.4919293, 1631348004.189226, 1631348005.8751912, 1631348007.5580058, 1631348009.2614722, 1631348015.5535662, 1631348017.2623868, 1631348019.2799878, 1631348021.0802789, 1631348022.791699, 1631348024.5099924, 1631348026.210442, 1631348032.8030314, 1631348034.4922113, 1631348036.1715727, 1631348037.8745093, 1631348039.5560098, 1631348041.2542012, 1631348047.764385, 1631348049.4724057, 1631348051.2780166, 1631348052.9542224, 1631348054.6837704, 1631348056.3671634, 1631348058.2132237, 1631348064.8052692, 1631348066.5090818, 1631348068.1954775, 1631348069.8926034, 1631348071.5600424, 1631348073.2661383, 1631348074.9679155, 1631348081.8681817, 1631348083.6888769, 1631348085.5047417, 1631348087.3395314, 1631348089.1890697, 1631348091.0031257, 1631348097.573771, 1631348099.394897, 1631348101.2321708, 1631348103.0721467, 1631348104.9159138, 1631348106.7613013, 1631348108.6094034, 1631348114.8411891, 1631348116.6642845, 1631348118.5053601, 1631348120.342608, 1631348122.2154014, 1631348124.043484, 1631348125.8639455, 1631348132.9250004, 1631348134.7742076, 1631348136.5966926, 1631348138.4377077, 1631348140.2737947, 1631348142.0931182, 1631348149.219457, 1631348151.0415554, 1631348152.8855586, 1631348154.7515106, 1631348156.5940585, 1631348158.4116838, 1631348160.2228374, 1631348167.3256555, 1631348169.1456115, 1631348170.986323, 1631348172.8860133, 1631348174.7749336, 1631348176.614299, 1631348178.4386406, 1631348186.3301353, 1631348188.1473453, 1631348189.9790223, 1631348191.818101, 1631348193.642812, 1631348195.470151, 1631348202.6102026, 1631348204.4474568, 1631348206.263411, 1631348208.109697, 1631348209.983499, 1631348211.800334, 1631348213.636585, 1631348221.1745565, 1631348223.0114636, 1631348224.8645458, 1631348226.7527342, 1631348228.6289146, 1631348230.4991097, 1631348232.3511803, 1631348239.5105884, 1631348241.3457017, 1631348243.1706595, 1631348244.991253, 1631348246.8218167, 1631348248.6565285, 1631348255.703039, 1631348257.5148447, 1631348259.3330038, 1631348261.1981921, 1631348263.0420017, 1631348264.8421848, 1631348266.6726472, 1631348273.8329067, 1631348275.6658156, 1631348277.463984, 1631348279.322227, 1631348281.145351, 1631348282.9541287, 1631348284.7867541, 1631348292.001268, 1631348293.8443508, 1631348295.6634452, 1631348297.5753305, 1631348299.3987608, 1631348301.2079196, 1631348308.356126, 1631348310.1873212, 1631348312.0252454, 1631348313.8884277, 1631348315.710471, 1631348317.5455625, 1631348319.3854473, 1631348326.3479903, 1631348328.1901927, 1631348330.0059881, 1631348331.8347502, 1631348333.699504, 1631348335.5275445, 1631348337.3137152, 1631348345.7359247, 1631348347.558106, 1631348349.4237845, 1631348351.2860532, 1631348353.110173, 1631348354.9696798, 1631348362.178955, 1631348364.010686, 1631348365.8377903, 1631348367.6609359, 1631348369.4707637, 1631348371.2938855, 1631348373.1129906, 1631348380.5103216, 1631348382.3784277, 1631348384.230498, 1631348386.0792518, 1631348387.920809, 1631348389.771462, 1631348391.5904992, 1631348399.2358425, 1631348401.041014, 1631348402.8829594, 1631348404.7308593, 1631348406.5843785, 1631348408.4110308],