{"initial_reset_timestamp": 1631337424.20001, "timestamps": [1631337427.8669882, 1631337428.1472394, 1631337428.5760927, 1631337428.9730308, 1631337429.3739758, 1631337429.7878494, 1631337433.1109955, 1631337433.495958, 1631337433.8978505, 1631337434.0754094, 1631337434.4274333, 1631337434.8223772, 1631337435.2143295, 1631337435.6032872, 1631337440.771458, 1631337442.8638587, 1631337445.3047175, 1631337447.4130752, 1631337449.8262937, 1631337451.9934947, 1631337457.748784, 1631337460.2192483, 1631337462.294695, 1631337464.7211666, 1631337466.9063191, 1631337469.3321648, 1631337471.4983685, 1631337476.7669828, 1631337479.1983728, 1631337481.3883781, 1631337483.6809843, 1631337485.9801936, 1631337488.125453, 1631337490.5916147, 1631337495.912034, 1631337498.0223873, 1631337500.5066195, 1631337502.6020126, 1631337505.1297715, 1631337507.268049, 1631337512.6824262, 1631337515.166735, 1631337517.2661145, 1631337519.6589801, 1631337521.8365967, 1631337524.2199802, 1631337526.3829527, 1631337532.5051353, 1631337535.1156793, 1631337537.5620658, 1631337539.785113, 1631337541.9074328, 1631337543.8951132, 1631337545.8528745, 1631337550.7527626, 1631337552.7623854, 1631337554.7849731, 1631337556.81155, 1631337558.8381994, 1631337560.8448305, 1631337565.694653, 1631337567.7032857, 1631337569.7488039, 1631337571.7873492, 1631337573.7850046, 1631337575.7826922, 1631337577.7514272, 1631337582.4917386, 1631337584.489393, 1631337586.4830582, 1631337588.485669, 1631337590.4903355, 1631337592.4032176, 1631337594.4208179, 1631337599.1391575, 1631337601.1976774, 1631337603.1795776, 1631337605.1562893, 1631337607.1508734, 1631337609.1695068, 1631337615.6381624, 1631337617.6477842, 1631337619.6414835, 1631337621.6391375, 1631337623.550019, 1631337625.7341464, 1631337628.1207597, 1631337635.885132, 1631337638.0021167, 1631337640.0227003, 1631337642.0746784, 1631337644.2129982, 1631337646.3088958, 1631337648.4390545, 1631337655.8298821, 1631337657.9213834, 1631337660.0515392, 1631337662.1531818, 1631337664.2661662, 1631337666.3620746, 1631337673.6046774, 1631337675.7414794, 1631337677.874798, 1631337679.9358501, 1631337682.023524, 1631337684.1242933, 1631337686.2104716, 1631337693.4666297, 1631337695.566914, 1631337697.6454086, 1631337699.750071, 1631337701.8711512, 1631337703.9027233, 1631337705.9458067, 1631337713.064224, 1631337715.1808383, 1631337717.2863164, 1631337719.359625, 1631337721.3054383, 1631337723.4360087, 1631337730.728544, 1631337732.8437893, 1631337734.9482274, 1631337736.9017966, 1631337738.9523916, 1631337741.127911, 1631337743.2427351, 1631337751.0898972, 1631337753.137041, 1631337755.14569, 1631337757.1180208, 1631337759.2270982, 1631337761.2933176, 1631337763.4189248, 1631337770.5519948, 1631337772.5248752, 1631337774.5503836, 1631337776.6994221, 1631337778.8402615, 1631337780.9368305, 1631337787.958101, 1631337790.0729792, 1631337792.070276, 1631337794.337308, 1631337796.4915862, 1631337798.600517, 1631337800.7098904, 1631337807.9788415, 1631337809.9316654, 1631337811.9941611, 1631337814.1222436, 1631337816.1886234, 1631337818.2890792, 1631337820.4087322, 1631337827.6036367, 1631337829.8904035, 1631337831.983327, 1631337834.147392, 1631337836.2443027, 1631337838.3268406, 1631337845.4523423, 1631337847.481062, 1631337849.4970808, 1631337851.641191, 1631337853.7577996, 1631337855.9041603, 1631337857.9865808, 1631337865.1788945, 1631337867.2345076, 1631337869.3723648, 1631337871.5078685, 1631337873.645867, 1631337875.725168, 1631337877.8074071, 1631337884.8638725, 1631337886.9062328, 1631337888.9798024, 1631337891.084816, 1631337893.1696863, 1631337895.2805097, 1631337902.3947024, 1631337904.5214992, 1631337907.1591432, 1631337909.2505662, 1631337911.390235, 1631337913.5024467, 1631337915.6102684, 1631337922.7045853, 1631337924.799941, 1631337926.8632576, 1631337928.9515746, 1631337931.032095, 1631337933.1660938, 1631337935.2538762, 1631337942.8141527, 1631337944.9082909, 1631337947.0327096, 1631337949.0701947, 1631337951.1619806, 1631337953.2906168, 1631337960.297878, 1631337962.420417, 1631337964.5391045, 1631337966.6472573, 1631337968.7389562, 1631337970.8969867, 1631337972.9641874, 1631337979.84549, 1631337981.9214168, 1631337984.0051382, 1631337986.1009734, 1631337988.201195, 1631337990.3050606, 1631337992.3187492, 1631337999.5371263, 1631338001.658679, 1631338003.780968, 1631338005.8819652, 1631338008.0415049, 1631338010.0446672, 1631338018.039347, 1631338020.120764, 1631338022.2303987, 1631338024.3563743, 1631338026.461691, 1631338028.5265, 1631338030.5568013, 1631338037.879797, 1631338039.9874885, 1631338042.0631082, 1631338044.1866632, 1631338046.2780306, 1631338048.2360153, 1631338050.3157046, 1631338057.0161035, 1631338059.109946, 1631338061.1977267, 1631338063.3105729, 1631338065.4647467, 1631338067.4367108, 1631338069.4945273, 1631338076.5575597, 1631338078.6602235, 1631338080.7650847, 1631338082.8706458, 1631338084.8388937, 1631338086.8154159, 1631338095.773387, 1631338097.8745854, 1631338099.9693387, 1631338102.0602841, 1631338104.0047076, 1631338106.0573823, 1631338108.1912925, 1631338115.2078993, 1631338117.3240812, 1631338119.4484406, 1631338121.5200136, 1631338123.5096896, 1631338125.569473, 1631338127.6899838, 1631338135.1368499, 1631338137.230635, 1631338139.3780754, 1631338141.3109627, 1631338143.421397, 1631338145.6135607, 1631338152.7669883, 1631338154.839456, 1631338156.9191337, 1631338158.978657, 1631338160.9966357, 1631338163.0695932, 1631338165.215265, 1631338172.7889438, 1631338174.8991373, 1631338176.9437091, 1631338179.002994, 1631338180.9810135, 1631338183.0886803, 1631338185.1798284, 1631338192.3476403, 1631338194.4604404, 1631338196.4147139, 1631338198.4174888, 1631338200.528242, 1631338202.6466045, 1631338211.631625, 1631338213.6732256, 1631338215.6449494, 1631338217.6983478, 1631338219.826125, 1631338221.914343, 1631338224.0353878, 1631338231.2810595, 1631338233.2982707, 1631338235.370109, 1631338237.4751198, 1631338239.6055357, 1631338241.7064483, 1631338243.8402925, 1631338251.3963912, 1631338253.4789133, 1631338255.4934175, 1631338257.574116, 1631338259.6782606, 1631338261.78982, 1631338268.8309555, 1631338270.8029847, 1631338272.766146, 1631338274.8239572, 1631338276.9392657, 1631338279.0212553, 1631338281.0900657, 1631338287.8002226, 1631338289.6130438, 1631338291.4547756, 1631338293.291165, 1631338295.103014, 1631338296.9345767, 1631338298.779599, 1631338305.3192785, 1631338307.7688441, 1631338309.5769572, 1631338311.4081812, 1631338313.2353387, 1631338315.044519, 1631338321.420307, 1631338323.2424793, 1631338325.0802267, 1631338326.908497, 1631338328.7357383, 1631338330.5939987, 1631338332.3868234],