{"initial_reset_timestamp": 1631335019.792203, "timestamps": [1631335023.1941953, 1631335023.4535003, 1631335023.8294933, 1631335024.1915035, 1631335024.5525563, 1631335024.9325435, 1631335027.9529095, 1631335028.2471552, 1631335028.647052, 1631335029.0759046, 1631335029.4359727, 1631335029.8019938, 1631335030.1580086, 1631335033.7035098, 1631335035.6716585, 1631335037.5670938, 1631335039.3120906, 1631335041.092048, 1631335042.9284532, 1631335044.7734928, 1631335048.940704, 1631335050.779483, 1631335052.7277722, 1631335054.6044466, 1631335055.33657, 1631335057.1841702, 1631335058.9740932, 1631335063.2660658, 1631335065.0607698, 1631335066.9338224, 1631335068.7473385, 1631335070.5128474, 1631335072.1784117, 1631335073.9428937, 1631335078.2454123, 1631335080.0649707, 1631335081.93246, 1631335083.6836662, 1631335085.5783083, 1631335087.4335794, 1631335092.0871127, 1631335093.8803449, 1631335095.6558034, 1631335097.381829, 1631335099.151461, 1631335100.8977613, 1631335102.7869048, 1631335107.0383217, 1631335108.7228134, 1631335110.6543353, 1631335112.3328197, 1631335114.0163152, 1631335115.711584, 1631335117.314865, 1631335121.1853619, 1631335122.8465178, 1631335124.4951077, 1631335126.1437156, 1631335127.7863212, 1631335129.4209733, 1631335133.7229042, 1631335135.3485537, 1631335137.0765646, 1631335140.061544, 1631335141.6950455, 1631335143.328674, 1631335145.3382974, 1631335150.0090861, 1631335151.800359, 1631335153.7418354, 1631335155.3876798, 1631335157.0630531, 1631335158.710642, 1631335160.5574622, 1631335164.9750524, 1631335166.739996, 1631335168.3836365, 1631335169.9933295, 1631335171.756571, 1631335173.5105722, 1631335177.743386, 1631335179.4568067, 1631335181.4135983, 1631335183.457414, 1631335185.2456288, 1631335187.161502, 1631335188.9706614, 1631335194.275374, 1631335196.107289, 1631335197.9628375, 1631335200.0841858, 1631335202.0232637, 1631335203.9809172, 1631335205.5982268, 1631335209.7072036, 1631335211.3188245, 1631335212.9584618, 1631335214.6056504, 1631335216.2145402, 1631335217.887569, 1631335221.9761636, 1631335223.575099, 1631335225.2258584, 1631335226.8504853, 1631335228.4672456, 1631335230.0749435, 1631335231.6816437, 1631335235.8333461, 1631335237.615705, 1631335239.2423525, 1631335240.855037, 1631335242.7935212, 1631335244.4331336, 1631335246.0827322, 1631335250.507408, 1631335252.1582172, 1631335254.0904105, 1631335255.7001028, 1631335257.3253477, 1631335258.958561, 1631335263.0617938, 1631335264.7390628, 1631335266.370133, 1631335268.0007439, 1631335269.6155639, 1631335271.3200028, 1631335272.9580212, 1631335276.960052, 1631335278.6520493, 1631335280.3139143, 1631335281.9409223, 1631335283.5556014, 1631335285.1812766, 1631335286.8182654, 1631335290.6698322, 1631335292.2932332, 1631335293.9178858, 1631335295.5186021, 1631335297.1701832, 1631335298.8713577, 1631335303.4811845, 1631335305.0721476, 1631335306.7386882, 1631335308.406985, 1631335310.0625546, 1631335311.6772342, 1631335313.2849321, 1631335317.312085, 1631335318.9469233, 1631335320.6310227, 1631335322.2297447, 1631335323.8907607, 1631335325.541344, 1631335327.1715071, 1631335331.1210494, 1631335332.746591, 1631335334.367458, 1631335335.9592824, 1631335337.621834, 1631335339.2395048, 1631335343.1425679, 1631335344.7524242, 1631335346.3930342, 1631335348.0496013, 1631335349.6563017, 1631335351.3937123, 1631335353.026702, 1631335357.0099776, 1631335358.6274893, 1631335360.3953164, 1631335361.987057, 1631335363.6249661, 1631335365.3683326, 1631335366.9647408, 1631335370.9800675, 1631335372.6920254, 1631335374.2907474, 1631335375.9213843, 1631335377.6068738, 1631335379.2348688, 1631335385.129443, 1631335386.736347, 1631335388.392614, 1631335390.039926, 1631335391.690509, 1631335393.3510659, 1631335394.9747212, 1631335399.3824139, 1631335401.7126062, 1631335403.3310394, 1631335405.0524335, 1631335406.8064742, 1631335408.426185, 1631335410.0348802, 1631335414.156409, 1631335415.786022, 1631335417.6302052, 1631335419.2399216, 1631335420.9602945, 1631335422.5809572, 1631335426.7017286, 1631335428.841677, 1631335430.6627772, 1631335432.565668, 1631335434.2318742, 1631335436.0416048, 1631335437.9215739, 1631335443.6995816, 1631335445.658347, 1631335447.3756537, 1631335449.2705834, 1631335451.1178553, 1631335453.006014, 1631335454.8460662, 1631335459.5795624, 1631335461.2622802, 1631335462.934805, 1631335464.7918468, 1631335466.567162, 1631335468.4301436, 1631335472.9089484, 1631335474.6335073, 1631335476.3419359, 1631335478.0004108, 1631335479.7068958, 1631335481.3255644, 1631335483.070816, 1631335488.408333, 1631335490.2582335, 1631335492.0436652, 1631335493.898949, 1631335495.6415732, 1631335497.3959122, 1631335499.116274, 1631335504.8977683, 1631335506.7069268, 1631335508.625818, 1631335510.4140344, 1631335512.3288865, 1631335514.192895, 1631335520.2058916, 1631335521.8963761, 1631335523.5090606, 1631335525.166649, 1631335527.1034427, 1631335528.8329606, 1631335530.4377358, 1631335536.1772037, 1631335538.0950942, 1631335540.056821, 1631335541.8869238, 1631335543.7419603, 1631335545.3745906, 1631335547.0750563, 1631335551.23382, 1631335553.020046, 1631335554.8318887, 1631335556.505411, 1631335558.2748172, 1631335559.9407556, 1631335564.4187405, 1631335566.0867124, 1631335567.7088032, 1631335569.3541374, 1631335571.0848734, 1631335572.7204409, 1631335574.343285, 1631335578.4488049, 1631335580.1374521, 1631335581.8063264, 1631335583.4000618, 1631335585.0606182, 1631335586.8668091, 1631335588.6460242, 1631335593.1577969, 1631335594.939813, 1631335596.7290583, 1631335598.8686836, 1631335600.7875724, 1631335602.6834738, 1631335607.0203536, 1631335608.735001, 1631335610.5141695, 1631335612.1956706, 1631335613.8272686, 1631335615.4977984, 1631335617.3518622, 1631335622.6686106, 1631335624.6971831, 1631335626.416655, 1631335628.0702553, 1631335629.6729667, 1631335631.287646, 1631335632.9392266, 1631335637.4806898, 1631335639.0973635, 1631335640.7489438, 1631335642.370629, 1631335644.3413508, 1631335645.9959035, 1631335650.0250106, 1631335651.764601, 1631335653.4121475, 1631335655.060736, 1631335656.6794045, 1631335658.2782202, 1631335659.9916356, 1631335664.9355676, 1631335666.8613417, 1631335668.7733037, 1631335670.51706, 1631335672.4833715, 1631335674.174845, 1631335676.1805317, 1631335680.764193, 1631335682.4356663, 1631335684.0496023, 1631335685.7111804, 1631335687.5161576, 1631335689.4228327, 1631335694.1167953, 1631335695.862457, 1631335697.5642374, 1631335699.252185, 1631335701.2358656, 1631335703.089753, 1631335704.7203898, 1631335708.6656644, 1631335710.3212345, 1631335712.0150483, 1631335713.7300882, 1631335715.350752, 1631335716.9913614, 1631335718.5751233],