{"initial_reset_timestamp": 1631335021.2143822, "timestamps": [1631335021.6701632, 1631335021.9314647, 1631335022.1758084, 1631335022.412176, 1631335022.648545, 1631335022.8789284, 1631335023.124272, 1631335026.3587015, 1631335026.601076, 1631335026.8454115, 1631335027.076803, 1631335027.313171, 1631335027.5584826, 1631335027.796845, 1631335031.4900644, 1631335031.711472, 1631335031.9568157, 1631335032.1971724, 1631335032.4295506, 1631335032.6689095, 1631335032.9032826, 1631335046.334338, 1631335046.5726786, 1631335046.8100433, 1631335047.055386, 1631335047.3047192, 1631335047.5490656, 1631335047.7904193, 1631335061.0533235, 1631335061.2996645, 1631335061.5390239, 1631335061.782374, 1631335062.0197368, 1631335062.2959974, 1631335062.5283763, 1631335075.5699775, 1631335075.8422494, 1631335076.0816092, 1631335076.3099976, 1631335076.5343971, 1631335076.7637832, 1631335076.9921722, 1631335090.2628732, 1631335090.474307, 1631335090.7694848, 1631335091.0686853, 1631335091.3618984, 1631335091.652122, 1631335091.9214034, 1631335104.8041804, 1631335105.0474973, 1631335105.3097937, 1631335105.5651467, 1631335105.8074636, 1631335106.0408711, 1631335106.2862158, 1631335118.6711507, 1631335118.888561, 1631335119.106976, 1631335119.3273597, 1631335119.5328364, 1631335119.7691789, 1631335119.9955723, 1631335132.1302972, 1631335132.3776693, 1631335132.6169949, 1631335132.8524003, 1631335133.0917246, 1631335133.332081, 1631335133.572592, 1631335147.6241055, 1631335147.8903797, 1631335148.1765811, 1631335148.4807994, 1631335148.7800012, 1631335149.0353193, 1631335149.307554, 1631335162.1730483, 1631335162.418382, 1631335162.662733, 1631335162.9060585, 1631335163.1564124, 1631335163.400727, 1631335163.6550462, 1631335176.181494, 1631335176.4029014, 1631335176.6671944, 1631335176.9155297, 1631335177.1588776, 1631335177.3792887, 1631335177.6056826, 1631335191.2265584, 1631335191.4230325, 1631335191.7232318, 1631335191.9306748, 1631335192.096229, 1631335192.25281, 1631335192.4652503, 1631335192.6587243, 1631335192.8282726, 1631335193.119493, 1631335193.3159666, 1631335193.559316, 1631335207.0270386, 1631335207.2674026, 1631335207.5087252, 1631335207.7540941, 1631335208.0283601, 1631335208.2717092, 1631335208.5170274, 1631335220.3604085, 1631335220.6057553, 1631335220.859073, 1631335221.1054115, 1631335221.3527505, 1631335221.59909, 1631335221.8424401, 1631335233.6077273, 1631335233.8640418, 1631335234.1143703, 1631335234.4208403, 1631335234.6701744, 1631335234.9244928, 1631335235.171831, 1631335247.4190524, 1631335247.6025343, 1631335247.846907, 1631335248.0743034, 1631335248.2168906, 1631335248.3974075, 1631335248.6198123, 1631335248.868147, 1631335249.115512, 1631335249.2441418, 1631335261.4039445, 1631335261.641308, 1631335261.8647044, 1631335262.0113301, 1631335262.2446876, 1631335262.471117, 1631335262.6964855, 1631335262.9218824, 1631335274.8808084, 1631335275.1171842, 1631335275.3515542, 1631335275.585927, 1631335275.820294, 1631335276.0417018, 1631335276.2750828, 1631335288.2026646, 1631335288.4200826, 1631335288.6375012, 1631335288.887831, 1631335289.113228, 1631335289.296737, 1631335289.5151525, 1631335301.757796, 1631335301.982162, 1631335302.2155697, 1631335302.4409595, 1631335302.6713548, 1631335302.9037273, 1631335303.1271305, 1631335303.3485432, 1631335315.2316968, 1631335315.4680655, 1631335315.7024386, 1631335315.9437926, 1631335316.1811574, 1631335316.414533, 1631335316.649903, 1631335328.5592844, 1631335328.789674, 1631335329.0230427, 1631335329.2504354, 1631335329.467886, 1631335329.7022579, 1631335329.9256284, 1631335341.6497538, 1631335341.870164, 1631335342.1194968, 1631335342.3429, 1631335342.566301, 1631335342.7837195, 1631335343.003132, 1631335354.9559078, 1631335355.1803164, 1631335355.405703, 1631335355.6370912, 1631335355.8594975, 1631335356.083896, 1631335356.3122845, 1631335368.3659568, 1631335368.5933132, 1631335368.8127608, 1631335369.0381236, 1631335369.2545786, 1631335369.4779463, 1631335369.7013829, 1631335381.5676527, 1631335381.66838, 1631335381.7790828, 1631335381.923698, 1631335382.0184412, 1631335382.1570728, 1631335382.271769, 1631335382.3824654, 1631335382.480203, 1631335382.6118598, 1631335383.0460968, 1631335383.1897125, 1631335383.304431, 1631335383.410123, 1631335383.5238185, 1631335383.6255527, 1631335383.738245, 1631335383.841425, 1631335383.9970376, 1631335384.1067166, 1631335384.2164226, 1631335384.3710077, 1631335384.486698, 1631335384.6063774, 1631335384.709103, 1631335384.8287828, 1631335384.9993265, 1631335396.9020526, 1631335397.0925436, 1631335397.3667748, 1631335397.5532763, 1631335397.6889133, 1631335397.8555012, 1631335397.9861512, 1631335398.2324924, 1631335398.4608488, 1631335398.7141712, 1631335411.481393, 1631335411.7317197, 1631335411.9790583, 1631335412.2303839, 1631335412.4817128, 1631335412.7320418, 1631335412.9763553, 1631335425.0636625, 1631335425.3129954, 1631335425.5623543, 1631335425.8156781, 1631335426.0649824, 1631335426.3123212, 1631335426.5606568, 1631335440.8601775, 1631335441.1045225, 1631335441.3757634, 1631335441.588196, 1631335441.863494, 1631335442.1936126, 1631335442.5177476, 1631335442.8228943, 1631335456.3429685, 1631335456.4776084, 1631335456.7857847, 1631335457.0770133, 1631335457.244557, 1631335457.509846, 1631335457.7063227, 1631335457.8210127, 1631335458.0523949, 1631335458.3615673, 1631335470.8126853, 1631335470.931342, 1631335471.175688, 1631335471.3402479, 1631335471.4828658, 1631335471.6394606, 1631335471.883793, 1631335472.1331446, 1631335472.3714886, 1631335472.5539997, 1631335472.7704206, 1631335485.0704653, 1631335485.2130837, 1631335485.4295042, 1631335485.549184, 1631335485.685845, 1631335485.8184636, 1631335486.0179298, 1631335486.2014382, 1631335486.3460803, 1631335486.5126057, 1631335486.6821525, 1631335486.8566866, 1631335487.005288, 1631335487.160897, 1631335487.3094976, 1631335487.4351614, 1631335487.5877292, 1631335500.861664, 1631335501.0651195, 1631335501.2885225, 1631335501.503951, 1631335501.6545897, 1631335501.782233, 1631335501.9049067, 1631335502.0395455, 1631335502.1851563, 1631335502.3217907, 1631335502.5491478, 1631335502.7366467, 1631335502.8573568, 1631335503.0129404, 1631335503.1914601, 1631335503.3689961, 1631335503.5674233, 1631335516.8063278, 1631335516.9140391, 1631335517.044689, 1631335517.1693559, 1631335517.3179834, 1631335517.431654, 1631335517.5802565, 1631335517.7079406, 1631335517.834576, 1631335517.9373007, 1631335518.046011, 1631335518.5493062, 1631335518.6679873, 1631335518.799638, 1631335518.9043555, 1631335519.0459747, 1631335519.1955752, 1631335519.3212068, 1631335519.4678364, 1631335519.5735312, 1631335519.6872287, 1631335519.8148856, 1631335519.9345984, 1631335520.0702057, 1631335532.2846007, 1631335532.4012854, 1631335532.5129914, 1631335532.626688, 1631335532.7274187, 1631335532.8520842, 1631335532.9697626, 1631335533.1044095, 1631335533.2360585, 1631335533.3427713, 1631335533.468436, 1631335533.598086, 1631335533.7068002, 1631335533.8284726, 1631335534.0319269, 1631335534.1885111, 1631335534.374019, 1631335534.4946885, 1631335534.6512377, 1631335534.8078516, 1631335534.9594467, 1631335535.0990753, 1631335535.2536561, 1631335535.4092631, 1631335548.6022003, 1631335548.8764958, 1631335549.117852, 1631335549.3771584, 1631335549.6205056, 1631335549.844874, 1631335550.073288, 1631335562.3329148, 1631335562.5603044, 1631335562.784672, 1631335563.0081124, 1631335563.8050702, 1631335564.0593975, 1631335564.2807972, 1631335576.267774, 1631335576.4891813, 1631335576.6168406, 1631335576.854198, 1631335577.0786104, 1631335577.301003, 1631335577.5413334, 1631335577.7767296, 1631335590.143527, 1631335590.4098394, 1631335590.6093116, 1631335590.8436794, 1631335591.1478713, 1631335591.3852365, 1631335591.6565104, 1631335591.829015, 1631335605.4794774, 1631335605.7068675, 1631335605.9452302, 1631335606.181599, 1631335606.4079854, 1631335606.6543324, 1631335606.8887045, 1631335619.9837945, 1631335620.2839909, 1631335620.5203955, 