{"initial_reset_timestamp": 1631279707.186506, "timestamps": [1631279710.5684288, 1631279710.825741, 1631279711.2774997, 1631279711.6814196, 1631279712.0574565, 1631279712.412493, 1631279715.8379455, 1631279716.2019403, 1631279716.5559924, 1631279716.9120653, 1631279717.2581542, 1631279717.6061819, 1631279717.9752316, 1631279721.6756697, 1631279723.3571692, 1631279725.043015, 1631279726.692331, 1631279728.342399, 1631279730.028404, 1631279731.7261672, 1631279735.712155, 1631279737.438625, 1631279739.1156762, 1631279741.0325851, 1631279742.6941004, 1631279744.3403904, 1631279748.750837, 1631279750.5295126, 1631279752.235194, 1631279754.035599, 1631279755.7405002, 1631279757.4934497, 1631279759.1732252, 1631279763.6351614, 1631279765.398986, 1631279767.05987, 1631279768.7695816, 1631279770.46149, 1631279772.1170595, 1631279773.7786136, 1631279778.072774, 1631279779.9064198, 1631279781.6160407, 1631279783.289585, 1631279785.1246748, 1631279786.8098197, 1631279791.5815144, 1631279793.406472, 1631279795.1164942, 1631279796.819909, 1631279798.4912717, 1631279800.158535, 1631279802.555967, 1631279806.776518, 1631279808.509159, 1631279810.3416028, 1631279811.9942849, 1631279813.6925488, 1631279815.3890095, 1631279817.1552832, 1631279821.1524277, 1631279822.8139813, 1631279824.485926, 1631279826.2840605, 1631279827.992489, 1631279829.6969278, 1631279833.832537, 1631279835.54026, 1631279837.2027764, 1631279838.882282, 1631279840.630664, 1631279842.3608165, 1631279844.0692446, 1631279848.2667751, 1631279849.9802353, 1631279851.7188222, 1631279853.4183064, 1631279855.4394393, 1631279857.1458206, 1631279858.8549192, 1631279863.1601985, 1631279864.8799849, 1631279866.6083603, 1631279868.321702, 1631279869.9291031, 1631279871.7703362, 1631279875.972076, 1631279877.716818, 1631279879.568058, 1631279881.3447478, 1631279883.0677521, 1631279884.7548525, 1631279886.5916991, 1631279890.8768508, 1631279892.5761077, 1631279894.2697322, 1631279896.0550208, 1631279897.7772186, 1631279899.5208492, 1631279901.2133203, 1631279906.3152835, 1631279908.054826, 1631279909.73144, 1631279911.4110315, 1631279913.2483628, 1631279914.978425, 1631279919.9062545, 1631279921.591116, 1631279923.3422334, 1631279925.0149488, 1631279926.7250524, 1631279928.4129739, 1631279930.089184, 1631279935.3507516, 1631279937.0205784, 1631279938.7379658, 1631279940.4364212, 1631279942.1017954, 1631279943.7344267, 1631279945.4278967, 1631279950.6998432, 1631279952.3589818, 1631279954.0439615, 1631279955.858107, 1631279957.5513408, 1631279959.2099025, 1631279963.9721854, 1631279965.7028887, 1631279967.5258715, 1631279969.505565, 1631279971.5221686, 1631279973.4191186, 1631279975.3210275, 1631279980.4767458, 1631279982.1161008, 1631279983.7716262, 1631279985.5726738, 1631279987.3150373, 1631279989.010474, 1631279990.700379, 1631279995.8048873, 1631279997.5382493, 1631279999.2497034, 1631280000.9662197, 1631280002.6730444, 1631280004.4298003, 1631280009.6735508, 1631280011.3853805, 1631280013.081134, 1631280014.7882593, 1631280016.4767652, 1631280018.1193457, 1631280019.7459927, 1631280025.1131985, 1631280026.8676882, 1631280028.5872915, 1631280030.293373, 1631280032.031992, 1631280033.8036466, 1631280035.6169124, 1631280040.9708745, 1631280042.6976705, 1631280044.3977416, 1631280046.183604, 1631280047.8800635, 1631280049.731228, 1631280055.5753229, 1631280057.3416555, 1631280059.126579, 1631280060.9349, 1631280062.7264805, 1631280064.4676418, 1631280066.2140648, 1631280072.6261983, 1631280074.3047633, 1631280075.9648952, 1631280077.6513839, 1631280079.3388417, 1631280081.0475996, 1631280082.7340872, 1631280089.741449, 1631280091.427686, 1631280093.107163, 1631280094.8395274, 1631280096.568986, 1631280098.2544823, 1631280104.2562985, 1631280106.0213165, 1631280107.676945, 1631280109.4055128, 1631280111.1597056, 1631280113.0204067, 1631280114.7956583, 1631280121.1515858, 1631280122.9857118, 1631280124.654755, 1631280126.3023295, 1631280127.9725633, 1631280129.6275234, 1631280131.28344, 1631280136.9923148, 1631280138.6598794, 1631280140.3872304, 1631280142.3071237, 1631280144.2853208, 1631280146.0635629, 1631280151.906383, 1631280153.6333916, 1631280155.3024073, 1631280156.9799182, 1631280158.724218, 1631280160.392726, 1631280162.0522618, 1631280167.6786892, 1631280169.5001698, 1631280171.5178866, 1631280173.2921433, 1631280175.2160182, 1631280177.144946, 1631280179.1525998, 1631280184.6030636, 1631280186.5699499, 1631280188.3813543, 1631280190.0377321, 1631280191.6913786, 1631280193.3609288, 1631280198.0530891, 1631280199.7948346, 1631280201.553192, 1631280203.398255, 1631280205.2104056, 1631280206.92048, 1631280208.6398792, 1631280214.4571614, 1631280216.1725402, 1631280217.9148777, 1631280219.5827873, 1631280221.5332983, 1631280223.3165324, 1631280225.2527924, 1631280230.0929055, 1631280231.7552407, 1631280233.4712863, 1631280235.2284544, 1631280236.8996534, 1631280238.6638951, 1631280244.7765126, 1631280246.5878046, 1631280248.2412581, 1631280250.1946814, 1631280251.914879, 1631280253.636224, 1631280255.3437033, 1631280260.9573514, 1631280262.6199934, 1631280264.3134387, 1631280266.0049121, 1631280267.6909535, 1631280269.347309, 1631280271.0445256, 1631280277.442796, 1631280279.2489638, 1631280281.0824215, 1631280282.7210612, 1631280284.3855824, 1631280286.3178947, 1631280292.1026454, 1631280293.8188522, 1631280295.7104728, 1631280297.546558, 1631280299.272617, 1631280301.0377917, 1631280302.6817615, 1631280309.5976613, 1631280311.4910429, 1631280313.3746598, 1631280315.227836, 1631280316.9305193, 1631280318.6222413, 1631280320.4674516, 1631280327.0799234, 1631280328.900557, 1631280330.8274007, 1631280332.763222, 1631280334.5138679, 1631280336.1969357, 1631280342.3743143, 1631280344.1645238, 1631280345.8320615, 1631280347.4939613, 1631280349.149985, 1631280350.8076265, 1631280352.6878295, 1631280359.1467817, 1631280360.8442347, 1631280362.5766408, 1631280364.2052727, 1631280365.8488746, 1631280367.4994578, 1631280369.1420865, 1631280375.3474972, 1631280377.0213153, 1631280378.6963823, 1631280380.3210099, 1631280381.983981, 1631280383.6425424, 1631280390.0100045, 1631280391.6896033, 1631280393.386113, 1631280395.2059734, 1631280397.0149987, 1631280398.8005004, 1631280400.5039394, 1631280406.8825529, 1631280408.5449352, 1631280410.2034426, 1631280411.8528874, 1631280413.499507, 1631280415.1535647, 1631280416.8380575, 1631280423.6225047, 1631280425.5732822, 1631280427.4101338, 1631280429.5893025, 1631280431.4470067, 1631280433.1544614, 1631280440.174111, 1631280441.9962344, 1631280443.6709573, 1631280445.6247532, 1631280447.3371463, 1631280449.1004283, 1631280450.827834],